state;city;distrito;idubligeo
01 Amazonas;;;010000
01 Amazonas;01 Chachapoyas;;010100
01 Amazonas;01 Chachapoyas;01 Chachapoyas;010101
01 Amazonas;01 Chachapoyas;02 Asunción;010102
01 Amazonas;01 Chachapoyas;03 Balsas;010103
01 Amazonas;01 Chachapoyas;04 Cheto;010104
01 Amazonas;01 Chachapoyas;05 Chiliquin;010105
01 Amazonas;01 Chachapoyas;06 Chuquibamba;010106
01 Amazonas;01 Chachapoyas;07 Granada;010107
01 Amazonas;01 Chachapoyas;08 Huancas;010108
01 Amazonas;01 Chachapoyas;09 La Jalca;010109
01 Amazonas;01 Chachapoyas;10 Leimebamba;010110
01 Amazonas;01 Chachapoyas;11 Levanto;010111
01 Amazonas;01 Chachapoyas;12 Magdalena;010112
01 Amazonas;01 Chachapoyas;13 Mariscal Castilla;010113
01 Amazonas;01 Chachapoyas;14 Molinopampa;010114
01 Amazonas;01 Chachapoyas;15 Montevideo;010115
01 Amazonas;01 Chachapoyas;16 Olleros;010116
01 Amazonas;01 Chachapoyas;17 Quinjalca;010117
01 Amazonas;01 Chachapoyas;18 San Francisco de Daguas;010118
01 Amazonas;01 Chachapoyas;19 San Isidro de Maino;010119
01 Amazonas;01 Chachapoyas;20 Soloco;010120
01 Amazonas;01 Chachapoyas;21 Sonche;010121
01 Amazonas;02 Bagua;;010200
01 Amazonas;02 Bagua;01 Bagua;010201
01 Amazonas;02 Bagua;02 Aramango;010202
01 Amazonas;02 Bagua;03 Copallin;010203
01 Amazonas;02 Bagua;04 El Parco;010204
01 Amazonas;02 Bagua;05 Imaza;010205
01 Amazonas;02 Bagua;06 La Peca;010206
01 Amazonas;03 Bongará;;010300
01 Amazonas;03 Bongará;01 Jumbilla;010301
01 Amazonas;03 Bongará;02 Chisquilla;010302
01 Amazonas;03 Bongará;03 Churuja;010303
01 Amazonas;03 Bongará;04 Corosha;010304
01 Amazonas;03 Bongará;05 Cuispes;010305
01 Amazonas;03 Bongará;06 Florida;010306
01 Amazonas;03 Bongará;07 Jazan;010307
01 Amazonas;03 Bongará;08 Recta;010308
01 Amazonas;03 Bongará;09 San Carlos;010309
01 Amazonas;03 Bongará;10 Shipasbamba;010310
01 Amazonas;03 Bongará;11 Valera;010311
01 Amazonas;03 Bongará;12 Yambrasbamba;010312
01 Amazonas;04 Condorcanqui;;010400
01 Amazonas;04 Condorcanqui;01 Nieva;010401
01 Amazonas;04 Condorcanqui;02 El Cenepa;010402
01 Amazonas;04 Condorcanqui;03 Río Santiago;010403
01 Amazonas;05 Luya;;010500
01 Amazonas;05 Luya;01 Lamud;010501
01 Amazonas;05 Luya;02 Camporredondo;010502
01 Amazonas;05 Luya;03 Cocabamba;010503
01 Amazonas;05 Luya;04 Colcamar;010504
01 Amazonas;05 Luya;05 Conila;010505
01 Amazonas;05 Luya;06 Inguilpata;010506
01 Amazonas;05 Luya;07 Longuita;010507
01 Amazonas;05 Luya;08 Lonya Chico;010508
01 Amazonas;05 Luya;09 Luya;010509
01 Amazonas;05 Luya;10 Luya Viejo;010510
01 Amazonas;05 Luya;11 María;010511
01 Amazonas;05 Luya;12 Ocalli;010512
01 Amazonas;05 Luya;13 Ocumal;010513
01 Amazonas;05 Luya;14 Pisuquia;010514
01 Amazonas;05 Luya;15 Providencia;010515
01 Amazonas;05 Luya;16 San Cristóbal;010516
01 Amazonas;05 Luya;17 San Francisco de Yeso;010517
01 Amazonas;05 Luya;18 San Jerónimo;010518
01 Amazonas;05 Luya;19 San Juan de Lopecancha;010519
01 Amazonas;05 Luya;20 Santa Catalina;010520
01 Amazonas;05 Luya;21 Santo Tomas;010521
01 Amazonas;05 Luya;22 Tingo;010522
01 Amazonas;05 Luya;23 Trita;010523
01 Amazonas;06 Rodríguez de Mendoza;;010600
01 Amazonas;06 Rodríguez de Mendoza;01 San Nicolás;010601
01 Amazonas;06 Rodríguez de Mendoza;02 Chirimoto;010602
01 Amazonas;06 Rodríguez de Mendoza;03 Cochamal;010603
01 Amazonas;06 Rodríguez de Mendoza;04 Huambo;010604
01 Amazonas;06 Rodríguez de Mendoza;05 Limabamba;010605
01 Amazonas;06 Rodríguez de Mendoza;06 Longar;010606
01 Amazonas;06 Rodríguez de Mendoza;07 Mariscal Benavides;010607
01 Amazonas;06 Rodríguez de Mendoza;08 Milpuc;010608
01 Amazonas;06 Rodríguez de Mendoza;09 Omia;010609
01 Amazonas;06 Rodríguez de Mendoza;10 Santa Rosa;010610
01 Amazonas;06 Rodríguez de Mendoza;11 Totora;010611
01 Amazonas;06 Rodríguez de Mendoza;12 Vista Alegre;010612
01 Amazonas;07 Utcubamba;;010700
01 Amazonas;07 Utcubamba;01 Bagua Grande;010701
01 Amazonas;07 Utcubamba;02 Cajaruro;010702
01 Amazonas;07 Utcubamba;03 Cumba;010703
01 Amazonas;07 Utcubamba;04 El Milagro;010704
01 Amazonas;07 Utcubamba;05 Jamalca;010705
01 Amazonas;07 Utcubamba;06 Lonya Grande;010706
01 Amazonas;07 Utcubamba;07 Yamon;010707
02 Áncash;;;020000
02 Áncash;01 Huaraz;;020100
02 Áncash;01 Huaraz;01 Huaraz;020101
02 Áncash;01 Huaraz;02 Cochabamba;020102
02 Áncash;01 Huaraz;03 Colcabamba;020103
02 Áncash;01 Huaraz;04 Huanchay;020104
02 Áncash;01 Huaraz;05 Independencia;020105
02 Áncash;01 Huaraz;06 Jangas;020106
02 Áncash;01 Huaraz;07 La Libertad;020107
02 Áncash;01 Huaraz;08 Olleros;020108
02 Áncash;01 Huaraz;09 Pampas Grande;020109
02 Áncash;01 Huaraz;10 Pariacoto;020110
02 Áncash;01 Huaraz;11 Pira;020111
02 Áncash;01 Huaraz;12 Tarica;020112
02 Áncash;02 Aija;;020200
02 Áncash;02 Aija;01 Aija;020201
02 Áncash;02 Aija;02 Coris;020202
02 Áncash;02 Aija;03 Huacllan;020203
02 Áncash;02 Aija;04 La Merced;020204
02 Áncash;02 Aija;05 Succha;020205
02 Áncash;03 Antonio Raymondi;;020300
02 Áncash;03 Antonio Raymondi;01 Llamellin;020301
02 Áncash;03 Antonio Raymondi;02 Aczo;020302
02 Áncash;03 Antonio Raymondi;03 Chaccho;020303
02 Áncash;03 Antonio Raymondi;04 Chingas;020304
02 Áncash;03 Antonio Raymondi;05 Mirgas;020305
02 Áncash;03 Antonio Raymondi;06 San Juan de Rontoy;020306
02 Áncash;04 Asunción;;020400
02 Áncash;04 Asunción;01 Chacas;020401
02 Áncash;04 Asunción;02 Acochaca;020402
02 Áncash;05 Bolognesi;;020500
02 Áncash;05 Bolognesi;01 Chiquian;020501
02 Áncash;05 Bolognesi;02 Abelardo Pardo Lezameta;020502
02 Áncash;05 Bolognesi;03 Antonio Raymondi;020503
02 Áncash;05 Bolognesi;04 Aquia;020504
02 Áncash;05 Bolognesi;05 Cajacay;020505
02 Áncash;05 Bolognesi;06 Canis;020506
02 Áncash;05 Bolognesi;07 Colquioc;020507
02 Áncash;05 Bolognesi;08 Huallanca;020508
02 Áncash;05 Bolognesi;09 Huasta;020509
02 Áncash;05 Bolognesi;10 Huayllacayan;020510
02 Áncash;05 Bolognesi;11 La Primavera;020511
02 Áncash;05 Bolognesi;12 Mangas;020512
02 Áncash;05 Bolognesi;13 Pacllon;020513
02 Áncash;05 Bolognesi;14 San Miguel de Corpanqui;020514
02 Áncash;05 Bolognesi;15 Ticllos;020515
02 Áncash;06 Carhuaz;;020600
02 Áncash;06 Carhuaz;01 Carhuaz;020601
02 Áncash;06 Carhuaz;02 Acopampa;020602
02 Áncash;06 Carhuaz;03 Amashca;020603
02 Áncash;06 Carhuaz;04 Anta;020604
02 Áncash;06 Carhuaz;05 Ataquero;020605
02 Áncash;06 Carhuaz;06 Marcara;020606
02 Áncash;06 Carhuaz;07 Pariahuanca;020607
02 Áncash;06 Carhuaz;08 San Miguel de Aco;020608
02 Áncash;06 Carhuaz;09 Shilla;020609
02 Áncash;06 Carhuaz;10 Tinco;020610
02 Áncash;06 Carhuaz;11 Yungar;020611
02 Áncash;07 Carlos Fermín Fitzcarrald;;020700
02 Áncash;07 Carlos Fermín Fitzcarrald;01 San Luis;020701
02 Áncash;07 Carlos Fermín Fitzcarrald;02 San Nicolás;020702
02 Áncash;07 Carlos Fermín Fitzcarrald;03 Yauya;020703
02 Áncash;08 Casma;;020800
02 Áncash;08 Casma;01 Casma;020801
02 Áncash;08 Casma;02 Buena Vista Alta;020802
02 Áncash;08 Casma;03 Comandante Noel;020803
02 Áncash;08 Casma;04 Yautan;020804
02 Áncash;09 Corongo;;020900
02 Áncash;09 Corongo;01 Corongo;020901
02 Áncash;09 Corongo;02 Aco;020902
02 Áncash;09 Corongo;03 Bambas;020903
02 Áncash;09 Corongo;04 Cusca;020904
02 Áncash;09 Corongo;05 La Pampa;020905
02 Áncash;09 Corongo;06 Yanac;020906
02 Áncash;09 Corongo;07 Yupan;020907
02 Áncash;10 Huari;;021000
02 Áncash;10 Huari;01 Huari;021001
02 Áncash;10 Huari;02 Anra;021002
02 Áncash;10 Huari;03 Cajay;021003
02 Áncash;10 Huari;04 Chavin de Huantar;021004
02 Áncash;10 Huari;05 Huacachi;021005
02 Áncash;10 Huari;06 Huacchis;021006
02 Áncash;10 Huari;07 Huachis;021007
02 Áncash;10 Huari;08 Huantar;021008
02 Áncash;10 Huari;09 Masin;021009
02 Áncash;10 Huari;10 Paucas;021010
02 Áncash;10 Huari;11 Ponto;021011
02 Áncash;10 Huari;12 Rahuapampa;021012
02 Áncash;10 Huari;13 Rapayan;021013
02 Áncash;10 Huari;14 San Marcos;021014
02 Áncash;10 Huari;15 San Pedro de Chana;021015
02 Áncash;10 Huari;16 Uco;021016
02 Áncash;11 Huarmey;;021100
02 Áncash;11 Huarmey;01 Huarmey;021101
02 Áncash;11 Huarmey;02 Cochapeti;021102
02 Áncash;11 Huarmey;03 Culebras;021103
02 Áncash;11 Huarmey;04 Huayan;021104
02 Áncash;11 Huarmey;05 Malvas;021105
02 Áncash;12 Huaylas;;021200
02 Áncash;12 Huaylas;01 Caraz;021201
02 Áncash;12 Huaylas;02 Huallanca;021202
02 Áncash;12 Huaylas;03 Huata;021203
02 Áncash;12 Huaylas;04 Huaylas;021204
02 Áncash;12 Huaylas;05 Mato;021205
02 Áncash;12 Huaylas;06 Pamparomas;021206
02 Áncash;12 Huaylas;07 Pueblo Libre;021207
02 Áncash;12 Huaylas;08 Santa Cruz;021208
02 Áncash;12 Huaylas;09 Santo Toribio;021209
02 Áncash;12 Huaylas;10 Yuracmarca;021210
02 Áncash;13 Mariscal Luzuriaga;;021300
02 Áncash;13 Mariscal Luzuriaga;01 Piscobamba;021301
02 Áncash;13 Mariscal Luzuriaga;02 Casca;021302
02 Áncash;13 Mariscal Luzuriaga;03 Eleazar Guzmán Barron;021303
02 Áncash;13 Mariscal Luzuriaga;04 Fidel Olivas Escudero;021304
02 Áncash;13 Mariscal Luzuriaga;05 Llama;021305
02 Áncash;13 Mariscal Luzuriaga;06 Llumpa;021306
02 Áncash;13 Mariscal Luzuriaga;07 Lucma;021307
02 Áncash;13 Mariscal Luzuriaga;08 Musga;021308
02 Áncash;14 Ocros;;021400
02 Áncash;14 Ocros;01 Ocros;021401
02 Áncash;14 Ocros;02 Acas;021402
02 Áncash;14 Ocros;03 Cajamarquilla;021403
02 Áncash;14 Ocros;04 Carhuapampa;021404
02 Áncash;14 Ocros;05 Cochas;021405
02 Áncash;14 Ocros;06 Congas;021406
02 Áncash;14 Ocros;07 Llipa;021407
02 Áncash;14 Ocros;08 San Cristóbal de Rajan;021408
02 Áncash;14 Ocros;09 San Pedro;021409
02 Áncash;14 Ocros;10 Santiago de Chilcas;021410
02 Áncash;15 Pallasca;;021500
02 Áncash;15 Pallasca;01 Cabana;021501
02 Áncash;15 Pallasca;02 Bolognesi;021502
02 Áncash;15 Pallasca;03 Conchucos;021503
02 Áncash;15 Pallasca;04 Huacaschuque;021504
02 Áncash;15 Pallasca;05 Huandoval;021505
02 Áncash;15 Pallasca;06 Lacabamba;021506
02 Áncash;15 Pallasca;07 Llapo;021507
02 Áncash;15 Pallasca;08 Pallasca;021508
02 Áncash;15 Pallasca;09 Pampas;021509
02 Áncash;15 Pallasca;10 Santa Rosa;021510
02 Áncash;15 Pallasca;11 Tauca;021511
02 Áncash;16 Pomabamba;;021600
02 Áncash;16 Pomabamba;01 Pomabamba;021601
02 Áncash;16 Pomabamba;02 Huayllan;021602
02 Áncash;16 Pomabamba;03 Parobamba;021603
02 Áncash;16 Pomabamba;04 Quinuabamba;021604
02 Áncash;17 Recuay;;021700
02 Áncash;17 Recuay;01 Recuay;021701
02 Áncash;17 Recuay;02 Catac;021702
02 Áncash;17 Recuay;03 Cotaparaco;021703
02 Áncash;17 Recuay;04 Huayllapampa;021704
02 Áncash;17 Recuay;05 Llacllin;021705
02 Áncash;17 Recuay;06 Marca;021706
02 Áncash;17 Recuay;07 Pampas Chico;021707
02 Áncash;17 Recuay;08 Pararin;021708
02 Áncash;17 Recuay;09 Tapacocha;021709
02 Áncash;17 Recuay;10 Ticapampa;021710
02 Áncash;18 Santa;;021800
02 Áncash;18 Santa;01 Chimbote;021801
02 Áncash;18 Santa;02 Cáceres del Perú;021802
02 Áncash;18 Santa;03 Coishco;021803
02 Áncash;18 Santa;04 Macate;021804
02 Áncash;18 Santa;05 Moro;021805
02 Áncash;18 Santa;06 Nepeña;021806
02 Áncash;18 Santa;07 Samanco;021807
02 Áncash;18 Santa;08 Santa;021808
02 Áncash;18 Santa;09 Nuevo Chimbote;021809
02 Áncash;19 Sihuas;;021900
02 Áncash;19 Sihuas;01 Sihuas;021901
02 Áncash;19 Sihuas;02 Acobamba;021902
02 Áncash;19 Sihuas;03 Alfonso Ugarte;021903
02 Áncash;19 Sihuas;04 Cashapampa;021904
02 Áncash;19 Sihuas;05 Chingalpo;021905
02 Áncash;19 Sihuas;06 Huayllabamba;021906
02 Áncash;19 Sihuas;07 Quiches;021907
02 Áncash;19 Sihuas;08 Ragash;021908
02 Áncash;19 Sihuas;09 San Juan;021909
02 Áncash;19 Sihuas;10 Sicsibamba;021910
02 Áncash;20 Yungay;;022000
02 Áncash;20 Yungay;01 Yungay;022001
02 Áncash;20 Yungay;02 Cascapara;022002
02 Áncash;20 Yungay;03 Mancos;022003
02 Áncash;20 Yungay;04 Matacoto;022004
02 Áncash;20 Yungay;05 Quillo;022005
02 Áncash;20 Yungay;06 Ranrahirca;022006
02 Áncash;20 Yungay;07 Shupluy;022007
02 Áncash;20 Yungay;08 Yanama;022008
03 Apurímac;;;030000
03 Apurímac;01 Abancay;;030100
03 Apurímac;01 Abancay;01 Abancay;030101
03 Apurímac;01 Abancay;02 Chacoche;030102
03 Apurímac;01 Abancay;03 Circa;030103
03 Apurímac;01 Abancay;04 Curahuasi;030104
03 Apurímac;01 Abancay;05 Huanipaca;030105
03 Apurímac;01 Abancay;06 Lambrama;030106
03 Apurímac;01 Abancay;07 Pichirhua;030107
03 Apurímac;01 Abancay;08 San Pedro de Cachora;030108
03 Apurímac;01 Abancay;09 Tamburco;030109
03 Apurímac;02 Andahuaylas;;030200
03 Apurímac;02 Andahuaylas;01 Andahuaylas;030201
03 Apurímac;02 Andahuaylas;02 Andarapa;030202
03 Apurímac;02 Andahuaylas;03 Chiara;030203
03 Apurímac;02 Andahuaylas;04 Huancarama;030204
03 Apurímac;02 Andahuaylas;05 Huancaray;030205
03 Apurímac;02 Andahuaylas;06 Huayana;030206
03 Apurímac;02 Andahuaylas;07 Kishuara;030207
03 Apurímac;02 Andahuaylas;08 Pacobamba;030208
03 Apurímac;02 Andahuaylas;09 Pacucha;030209
03 Apurímac;02 Andahuaylas;10 Pampachiri;030210
03 Apurímac;02 Andahuaylas;11 Pomacocha;030211
03 Apurímac;02 Andahuaylas;12 San Antonio de Cachi;030212
03 Apurímac;02 Andahuaylas;13 San Jerónimo;030213
03 Apurímac;02 Andahuaylas;14 San Miguel de Chaccrampa;030214
03 Apurímac;02 Andahuaylas;15 Santa María de Chicmo;030215
03 Apurímac;02 Andahuaylas;16 Talavera;030216
03 Apurímac;02 Andahuaylas;17 Tumay Huaraca;030217
03 Apurímac;02 Andahuaylas;18 Turpo;030218
03 Apurímac;02 Andahuaylas;19 Kaquiabamba;030219
03 Apurímac;02 Andahuaylas;20 José María Arguedas;030220
03 Apurímac;03 Antabamba;;030300
03 Apurímac;03 Antabamba;01 Antabamba;030301
03 Apurímac;03 Antabamba;02 El Oro;030302
03 Apurímac;03 Antabamba;03 Huaquirca;030303
03 Apurímac;03 Antabamba;04 Juan Espinoza Medrano;030304
03 Apurímac;03 Antabamba;05 Oropesa;030305
03 Apurímac;03 Antabamba;06 Pachaconas;030306
03 Apurímac;03 Antabamba;07 Sabaino;030307
03 Apurímac;04 Aymaraes;;030400
03 Apurímac;04 Aymaraes;01 Chalhuanca;030401
03 Apurímac;04 Aymaraes;02 Capaya;030402
03 Apurímac;04 Aymaraes;03 Caraybamba;030403
03 Apurímac;04 Aymaraes;04 Chapimarca;030404
03 Apurímac;04 Aymaraes;05 Colcabamba;030405
03 Apurímac;04 Aymaraes;06 Cotaruse;030406
03 Apurímac;04 Aymaraes;07 Huayllo;030407
03 Apurímac;04 Aymaraes;08 Justo Apu Sahuaraura;030408
03 Apurímac;04 Aymaraes;09 Lucre;030409
03 Apurímac;04 Aymaraes;10 Pocohuanca;030410
03 Apurímac;04 Aymaraes;11 San Juan de Chacña;030411
03 Apurímac;04 Aymaraes;12 Sañayca;030412
03 Apurímac;04 Aymaraes;13 Soraya;030413
03 Apurímac;04 Aymaraes;14 Tapairihua;030414
03 Apurímac;04 Aymaraes;15 Tintay;030415
03 Apurímac;04 Aymaraes;16 Toraya;030416
03 Apurímac;04 Aymaraes;17 Yanaca;030417
03 Apurímac;05 Cotabambas;;030500
03 Apurímac;05 Cotabambas;01 Tambobamba;030501
03 Apurímac;05 Cotabambas;02 Cotabambas;030502
03 Apurímac;05 Cotabambas;03 Coyllurqui;030503
03 Apurímac;05 Cotabambas;04 Haquira;030504
03 Apurímac;05 Cotabambas;05 Mara;030505
03 Apurímac;05 Cotabambas;06 Challhuahuacho;030506
03 Apurímac;06 Chincheros;;030600
03 Apurímac;06 Chincheros;01 Chincheros;030601
03 Apurímac;06 Chincheros;02 Anco_Huallo;030602
03 Apurímac;06 Chincheros;03 Cocharcas;030603
03 Apurímac;06 Chincheros;04 Huaccana;030604
03 Apurímac;06 Chincheros;05 Ocobamba;030605
03 Apurímac;06 Chincheros;06 Ongoy;030606
03 Apurímac;06 Chincheros;07 Uranmarca;030607
03 Apurímac;06 Chincheros;08 Ranracancha;030608
03 Apurímac;07 Grau;;030700
03 Apurímac;07 Grau;01 Chuquibambilla;030701
03 Apurímac;07 Grau;02 Curpahuasi;030702
03 Apurímac;07 Grau;03 Gamarra;030703
03 Apurímac;07 Grau;04 Huayllati;030704
03 Apurímac;07 Grau;05 Mamara;030705
03 Apurímac;07 Grau;06 Micaela Bastidas;030706
03 Apurímac;07 Grau;07 Pataypampa;030707
03 Apurímac;07 Grau;08 Progreso;030708
03 Apurímac;07 Grau;09 San Antonio;030709
03 Apurímac;07 Grau;10 Santa Rosa;030710
03 Apurímac;07 Grau;11 Turpay;030711
03 Apurímac;07 Grau;12 Vilcabamba;030712
03 Apurímac;07 Grau;13 Virundo;030713
03 Apurímac;07 Grau;14 Curasco;030714
04 Arequipa;;;040000
04 Arequipa;01 Arequipa;;040100
04 Arequipa;01 Arequipa;01 Arequipa;040101
04 Arequipa;01 Arequipa;02 Alto Selva Alegre;040102
04 Arequipa;01 Arequipa;03 Cayma;040103
04 Arequipa;01 Arequipa;04 Cerro Colorado;040104
04 Arequipa;01 Arequipa;05 Characato;040105
04 Arequipa;01 Arequipa;06 Chiguata;040106
04 Arequipa;01 Arequipa;07 Jacobo Hunter;040107
04 Arequipa;01 Arequipa;08 La Joya;040108
04 Arequipa;01 Arequipa;09 Mariano Melgar;040109
04 Arequipa;01 Arequipa;10 Miraflores;040110
04 Arequipa;01 Arequipa;11 Mollebaya;040111
04 Arequipa;01 Arequipa;12 Paucarpata;040112
04 Arequipa;01 Arequipa;13 Pocsi;040113
04 Arequipa;01 Arequipa;14 Polobaya;040114
04 Arequipa;01 Arequipa;15 Quequeña;040115
04 Arequipa;01 Arequipa;16 Sabandia;040116
04 Arequipa;01 Arequipa;17 Sachaca;040117
04 Arequipa;01 Arequipa;18 San Juan de Siguas;040118
04 Arequipa;01 Arequipa;19 San Juan de Tarucani;040119
04 Arequipa;01 Arequipa;20 Santa Isabel de Siguas;040120
04 Arequipa;01 Arequipa;21 Santa Rita de Siguas;040121
04 Arequipa;01 Arequipa;22 Socabaya;040122
04 Arequipa;01 Arequipa;23 Tiabaya;040123
04 Arequipa;01 Arequipa;24 Uchumayo;040124
04 Arequipa;01 Arequipa;25 Vitor;040125
04 Arequipa;01 Arequipa;26 Yanahuara;040126
04 Arequipa;01 Arequipa;27 Yarabamba;040127
04 Arequipa;01 Arequipa;28 Yura;040128
04 Arequipa;01 Arequipa;29 José Luis Bustamante Y Rivero;040129
04 Arequipa;02 Camaná;;040200
04 Arequipa;02 Camaná;01 Camaná;040201
04 Arequipa;02 Camaná;02 José María Quimper;040202
04 Arequipa;02 Camaná;03 Mariano Nicolás Valcárcel;040203
04 Arequipa;02 Camaná;04 Mariscal Cáceres;040204
04 Arequipa;02 Camaná;05 Nicolás de Pierola;040205
04 Arequipa;02 Camaná;06 Ocoña;040206
04 Arequipa;02 Camaná;07 Quilca;040207
04 Arequipa;02 Camaná;08 Samuel Pastor;040208
04 Arequipa;03 Caravelí;;040300
04 Arequipa;03 Caravelí;01 Caravelí;040301
04 Arequipa;03 Caravelí;02 Acarí;040302
04 Arequipa;03 Caravelí;03 Atico;040303
04 Arequipa;03 Caravelí;04 Atiquipa;040304
04 Arequipa;03 Caravelí;05 Bella Unión;040305
04 Arequipa;03 Caravelí;06 Cahuacho;040306
04 Arequipa;03 Caravelí;07 Chala;040307
04 Arequipa;03 Caravelí;08 Chaparra;040308
04 Arequipa;03 Caravelí;09 Huanuhuanu;040309
04 Arequipa;03 Caravelí;10 Jaqui;040310
04 Arequipa;03 Caravelí;11 Lomas;040311
04 Arequipa;03 Caravelí;12 Quicacha;040312
04 Arequipa;03 Caravelí;13 Yauca;040313
04 Arequipa;04 Castilla;;040400
04 Arequipa;04 Castilla;01 Aplao;040401
04 Arequipa;04 Castilla;02 Andagua;040402
04 Arequipa;04 Castilla;03 Ayo;040403
04 Arequipa;04 Castilla;04 Chachas;040404
04 Arequipa;04 Castilla;05 Chilcaymarca;040405
04 Arequipa;04 Castilla;06 Choco;040406
04 Arequipa;04 Castilla;07 Huancarqui;040407
04 Arequipa;04 Castilla;08 Machaguay;040408
04 Arequipa;04 Castilla;09 Orcopampa;040409
04 Arequipa;04 Castilla;10 Pampacolca;040410
04 Arequipa;04 Castilla;11 Tipan;040411
04 Arequipa;04 Castilla;12 Uñon;040412
04 Arequipa;04 Castilla;13 Uraca;040413
04 Arequipa;04 Castilla;14 Viraco;040414
04 Arequipa;05 Caylloma;;040500
04 Arequipa;05 Caylloma;01 Chivay;040501
04 Arequipa;05 Caylloma;02 Achoma;040502
04 Arequipa;05 Caylloma;03 Cabanaconde;040503
04 Arequipa;05 Caylloma;04 Callalli;040504
04 Arequipa;05 Caylloma;05 Caylloma;040505
04 Arequipa;05 Caylloma;06 Coporaque;040506
04 Arequipa;05 Caylloma;07 Huambo;040507
04 Arequipa;05 Caylloma;08 Huanca;040508
04 Arequipa;05 Caylloma;09 Ichupampa;040509
04 Arequipa;05 Caylloma;10 Lari;040510
04 Arequipa;05 Caylloma;11 Lluta;040511
04 Arequipa;05 Caylloma;12 Maca;040512
04 Arequipa;05 Caylloma;13 Madrigal;040513
04 Arequipa;05 Caylloma;14 San Antonio de Chuca;040514
04 Arequipa;05 Caylloma;15 Sibayo;040515
04 Arequipa;05 Caylloma;16 Tapay;040516
04 Arequipa;05 Caylloma;17 Tisco;040517
04 Arequipa;05 Caylloma;18 Tuti;040518
04 Arequipa;05 Caylloma;19 Yanque;040519
04 Arequipa;05 Caylloma;20 Majes;040520
04 Arequipa;06 Condesuyos;;040600
04 Arequipa;06 Condesuyos;01 Chuquibamba;040601
04 Arequipa;06 Condesuyos;02 Andaray;040602
04 Arequipa;06 Condesuyos;03 Cayarani;040603
04 Arequipa;06 Condesuyos;04 Chichas;040604
04 Arequipa;06 Condesuyos;05 Iray;040605
04 Arequipa;06 Condesuyos;06 Río Grande;040606
04 Arequipa;06 Condesuyos;07 Salamanca;040607
04 Arequipa;06 Condesuyos;08 Yanaquihua;040608
04 Arequipa;07 Islay;;040700
04 Arequipa;07 Islay;01 Mollendo;040701
04 Arequipa;07 Islay;02 Cocachacra;040702
04 Arequipa;07 Islay;03 Dean Valdivia;040703
04 Arequipa;07 Islay;04 Islay;040704
04 Arequipa;07 Islay;05 Mejia;040705
04 Arequipa;07 Islay;06 Punta de Bombón;040706
04 Arequipa;08 La Uniòn;;040800
04 Arequipa;08 La Uniòn;01 Cotahuasi;040801
04 Arequipa;08 La Uniòn;02 Alca;040802
04 Arequipa;08 La Uniòn;03 Charcana;040803
04 Arequipa;08 La Uniòn;04 Huaynacotas;040804
04 Arequipa;08 La Uniòn;05 Pampamarca;040805
04 Arequipa;08 La Uniòn;06 Puyca;040806
04 Arequipa;08 La Uniòn;07 Quechualla;040807
04 Arequipa;08 La Uniòn;08 Sayla;040808
04 Arequipa;08 La Uniòn;09 Tauria;040809
04 Arequipa;08 La Uniòn;10 Tomepampa;040810
04 Arequipa;08 La Uniòn;11 Toro;040811
05 Ayacucho;;;050000
05 Ayacucho;01 Huamanga;;050100
05 Ayacucho;01 Huamanga;01 Ayacucho;050101
05 Ayacucho;01 Huamanga;02 Acocro;050102
05 Ayacucho;01 Huamanga;03 Acos Vinchos;050103
05 Ayacucho;01 Huamanga;04 Carmen Alto;050104
05 Ayacucho;01 Huamanga;05 Chiara;050105
05 Ayacucho;01 Huamanga;06 Ocros;050106
05 Ayacucho;01 Huamanga;07 Pacaycasa;050107
05 Ayacucho;01 Huamanga;08 Quinua;050108
05 Ayacucho;01 Huamanga;09 San José de Ticllas;050109
05 Ayacucho;01 Huamanga;10 San Juan Bautista;050110
05 Ayacucho;01 Huamanga;11 Santiago de Pischa;050111
05 Ayacucho;01 Huamanga;12 Socos;050112
05 Ayacucho;01 Huamanga;13 Tambillo;050113
05 Ayacucho;01 Huamanga;14 Vinchos;050114
05 Ayacucho;01 Huamanga;15 Jesús Nazareno;050115
05 Ayacucho;01 Huamanga;16 Andrés Avelino Cáceres Dorregaray;050116
05 Ayacucho;02 Cangallo;;050200
05 Ayacucho;02 Cangallo;01 Cangallo;050201
05 Ayacucho;02 Cangallo;02 Chuschi;050202
05 Ayacucho;02 Cangallo;03 Los Morochucos;050203
05 Ayacucho;02 Cangallo;04 María Parado de Bellido;050204
05 Ayacucho;02 Cangallo;05 Paras;050205
05 Ayacucho;02 Cangallo;06 Totos;050206
05 Ayacucho;03 Huanca Sancos;;050300
05 Ayacucho;03 Huanca Sancos;01 Sancos;050301
05 Ayacucho;03 Huanca Sancos;02 Carapo;050302
05 Ayacucho;03 Huanca Sancos;03 Sacsamarca;050303
05 Ayacucho;03 Huanca Sancos;04 Santiago de Lucanamarca;050304
05 Ayacucho;04 Huanta;;050400
05 Ayacucho;04 Huanta;01 Huanta;050401
05 Ayacucho;04 Huanta;02 Ayahuanco;050402
05 Ayacucho;04 Huanta;03 Huamanguilla;050403
05 Ayacucho;04 Huanta;04 Iguain;050404
05 Ayacucho;04 Huanta;05 Luricocha;050405
05 Ayacucho;04 Huanta;06 Santillana;050406
05 Ayacucho;04 Huanta;07 Sivia;050407
05 Ayacucho;04 Huanta;08 Llochegua;050408
05 Ayacucho;04 Huanta;09 Canayre;050409
05 Ayacucho;04 Huanta;10 Uchuraccay;050410
05 Ayacucho;04 Huanta;11 Pucacolpa;050411
05 Ayacucho;05 La Mar;;050500
05 Ayacucho;05 La Mar;01 San Miguel;050501
05 Ayacucho;05 La Mar;02 Anco;050502
05 Ayacucho;05 La Mar;03 Ayna;050503
05 Ayacucho;05 La Mar;04 Chilcas;050504
05 Ayacucho;05 La Mar;05 Chungui;050505
05 Ayacucho;05 La Mar;06 Luis Carranza;050506
05 Ayacucho;05 La Mar;07 Santa Rosa;050507
05 Ayacucho;05 La Mar;08 Tambo;050508
05 Ayacucho;05 La Mar;09 Samugari;050509
05 Ayacucho;05 La Mar;10 Anchihuay;050510
05 Ayacucho;06 Lucanas;;050600
05 Ayacucho;06 Lucanas;01 Puquio;050601
05 Ayacucho;06 Lucanas;02 Aucara;050602
05 Ayacucho;06 Lucanas;03 Cabana;050603
05 Ayacucho;06 Lucanas;04 Carmen Salcedo;050604
05 Ayacucho;06 Lucanas;05 Chaviña;050605
05 Ayacucho;06 Lucanas;06 Chipao;050606
05 Ayacucho;06 Lucanas;07 Huac-Huas;050607
05 Ayacucho;06 Lucanas;08 Laramate;050608
05 Ayacucho;06 Lucanas;09 Leoncio Prado;050609
05 Ayacucho;06 Lucanas;10 Llauta;050610
05 Ayacucho;06 Lucanas;11 Lucanas;050611
05 Ayacucho;06 Lucanas;12 Ocaña;050612
05 Ayacucho;06 Lucanas;13 Otoca;050613
05 Ayacucho;06 Lucanas;14 Saisa;050614
05 Ayacucho;06 Lucanas;15 San Cristóbal;050615
05 Ayacucho;06 Lucanas;16 San Juan;050616
05 Ayacucho;06 Lucanas;17 San Pedro;050617
05 Ayacucho;06 Lucanas;18 San Pedro de Palco;050618
05 Ayacucho;06 Lucanas;19 Sancos;050619
05 Ayacucho;06 Lucanas;20 Santa Ana de Huaycahuacho;050620
05 Ayacucho;06 Lucanas;21 Santa Lucia;050621
05 Ayacucho;07 Parinacochas;;050700
05 Ayacucho;07 Parinacochas;01 Coracora;050701
05 Ayacucho;07 Parinacochas;02 Chumpi;050702
05 Ayacucho;07 Parinacochas;03 Coronel Castañeda;050703
05 Ayacucho;07 Parinacochas;04 Pacapausa;050704
05 Ayacucho;07 Parinacochas;05 Pullo;050705
05 Ayacucho;07 Parinacochas;06 Puyusca;050706
05 Ayacucho;07 Parinacochas;07 San Francisco de Ravacayco;050707
05 Ayacucho;07 Parinacochas;08 Upahuacho;050708
05 Ayacucho;08 Pàucar del Sara Sara;;050800
05 Ayacucho;08 Pàucar del Sara Sara;01 Pausa;050801
05 Ayacucho;08 Pàucar del Sara Sara;02 Colta;050802
05 Ayacucho;08 Pàucar del Sara Sara;03 Corculla;050803
05 Ayacucho;08 Pàucar del Sara Sara;04 Lampa;050804
05 Ayacucho;08 Pàucar del Sara Sara;05 Marcabamba;050805
05 Ayacucho;08 Pàucar del Sara Sara;06 Oyolo;050806
05 Ayacucho;08 Pàucar del Sara Sara;07 Pararca;050807
05 Ayacucho;08 Pàucar del Sara Sara;08 San Javier de Alpabamba;050808
05 Ayacucho;08 Pàucar del Sara Sara;09 San José de Ushua;050809
05 Ayacucho;08 Pàucar del Sara Sara;10 Sara Sara;050810
05 Ayacucho;09 Sucre;;050900
05 Ayacucho;09 Sucre;01 Querobamba;050901
05 Ayacucho;09 Sucre;02 Belén;050902
05 Ayacucho;09 Sucre;03 Chalcos;050903
05 Ayacucho;09 Sucre;04 Chilcayoc;050904
05 Ayacucho;09 Sucre;05 Huacaña;050905
05 Ayacucho;09 Sucre;06 Morcolla;050906
05 Ayacucho;09 Sucre;07 Paico;050907
05 Ayacucho;09 Sucre;08 San Pedro de Larcay;050908
05 Ayacucho;09 Sucre;09 San Salvador de Quije;050909
05 Ayacucho;09 Sucre;10 Santiago de Paucaray;050910
05 Ayacucho;09 Sucre;11 Soras;050911
05 Ayacucho;10 Víctor Fajardo;;051000
05 Ayacucho;10 Víctor Fajardo;01 Huancapi;051001
05 Ayacucho;10 Víctor Fajardo;02 Alcamenca;051002
05 Ayacucho;10 Víctor Fajardo;03 Apongo;051003
05 Ayacucho;10 Víctor Fajardo;04 Asquipata;051004
05 Ayacucho;10 Víctor Fajardo;05 Canaria;051005
05 Ayacucho;10 Víctor Fajardo;06 Cayara;051006
05 Ayacucho;10 Víctor Fajardo;07 Colca;051007
05 Ayacucho;10 Víctor Fajardo;08 Huamanquiquia;051008
05 Ayacucho;10 Víctor Fajardo;09 Huancaraylla;051009
05 Ayacucho;10 Víctor Fajardo;10 Huaya;051010
05 Ayacucho;10 Víctor Fajardo;11 Sarhua;051011
05 Ayacucho;10 Víctor Fajardo;12 Vilcanchos;051012
05 Ayacucho;11 Vilcas Huamán;;051100
05 Ayacucho;11 Vilcas Huamán;01 Vilcas Huaman;051101
05 Ayacucho;11 Vilcas Huamán;02 Accomarca;051102
05 Ayacucho;11 Vilcas Huamán;03 Carhuanca;051103
05 Ayacucho;11 Vilcas Huamán;04 Concepción;051104
05 Ayacucho;11 Vilcas Huamán;05 Huambalpa;051105
05 Ayacucho;11 Vilcas Huamán;06 Independencia;051106
05 Ayacucho;11 Vilcas Huamán;07 Saurama;051107
05 Ayacucho;11 Vilcas Huamán;08 Vischongo;051108
06 Cajamarca;;;060000
06 Cajamarca;01 Cajamarca;;060100
06 Cajamarca;01 Cajamarca;01 Cajamarca;060101
06 Cajamarca;01 Cajamarca;02 Asunción;060102
06 Cajamarca;01 Cajamarca;03 Chetilla;060103
06 Cajamarca;01 Cajamarca;04 Cospan;060104
06 Cajamarca;01 Cajamarca;05 Encañada;060105
06 Cajamarca;01 Cajamarca;06 Jesús;060106
06 Cajamarca;01 Cajamarca;07 Llacanora;060107
06 Cajamarca;01 Cajamarca;08 Los Baños del Inca;060108
06 Cajamarca;01 Cajamarca;09 Magdalena;060109
06 Cajamarca;01 Cajamarca;10 Matara;060110
06 Cajamarca;01 Cajamarca;11 Namora;060111
06 Cajamarca;01 Cajamarca;12 San Juan;060112
06 Cajamarca;02 Cajabamba;;060200
06 Cajamarca;02 Cajabamba;01 Cajabamba;060201
06 Cajamarca;02 Cajabamba;02 Cachachi;060202
06 Cajamarca;02 Cajabamba;03 Condebamba;060203
06 Cajamarca;02 Cajabamba;04 Sitacocha;060204
06 Cajamarca;03 Celendín;;060300
06 Cajamarca;03 Celendín;01 Celendín;060301
06 Cajamarca;03 Celendín;02 Chumuch;060302
06 Cajamarca;03 Celendín;03 Cortegana;060303
06 Cajamarca;03 Celendín;04 Huasmin;060304
06 Cajamarca;03 Celendín;05 Jorge Chávez;060305
06 Cajamarca;03 Celendín;06 José Gálvez;060306
06 Cajamarca;03 Celendín;07 Miguel Iglesias;060307
06 Cajamarca;03 Celendín;08 Oxamarca;060308
06 Cajamarca;03 Celendín;09 Sorochuco;060309
06 Cajamarca;03 Celendín;10 Sucre;060310
06 Cajamarca;03 Celendín;11 Utco;060311
06 Cajamarca;03 Celendín;12 La Libertad de Pallan;060312
06 Cajamarca;04 Chota;;060400
06 Cajamarca;04 Chota;01 Chota;060401
06 Cajamarca;04 Chota;02 Anguia;060402
06 Cajamarca;04 Chota;03 Chadin;060403
06 Cajamarca;04 Chota;04 Chiguirip;060404
06 Cajamarca;04 Chota;05 Chimban;060405
06 Cajamarca;04 Chota;06 Choropampa;060406
06 Cajamarca;04 Chota;07 Cochabamba;060407
06 Cajamarca;04 Chota;08 Conchan;060408
06 Cajamarca;04 Chota;09 Huambos;060409
06 Cajamarca;04 Chota;10 Lajas;060410
06 Cajamarca;04 Chota;11 Llama;060411
06 Cajamarca;04 Chota;12 Miracosta;060412
06 Cajamarca;04 Chota;13 Paccha;060413
06 Cajamarca;04 Chota;14 Pion;060414
06 Cajamarca;04 Chota;15 Querocoto;060415
06 Cajamarca;04 Chota;16 San Juan de Licupis;060416
06 Cajamarca;04 Chota;17 Tacabamba;060417
06 Cajamarca;04 Chota;18 Tocmoche;060418
06 Cajamarca;04 Chota;19 Chalamarca;060419
06 Cajamarca;05 Contumazá;;060500
06 Cajamarca;05 Contumazá;01 Contumaza;060501
06 Cajamarca;05 Contumazá;02 Chilete;060502
06 Cajamarca;05 Contumazá;03 Cupisnique;060503
06 Cajamarca;05 Contumazá;04 Guzmango;060504
06 Cajamarca;05 Contumazá;05 San Benito;060505
06 Cajamarca;05 Contumazá;06 Santa Cruz de Toledo;060506
06 Cajamarca;05 Contumazá;07 Tantarica;060507
06 Cajamarca;05 Contumazá;08 Yonan;060508
06 Cajamarca;06 Cutervo;;060600
06 Cajamarca;06 Cutervo;01 Cutervo;060601
06 Cajamarca;06 Cutervo;02 Callayuc;060602
06 Cajamarca;06 Cutervo;03 Choros;060603
06 Cajamarca;06 Cutervo;04 Cujillo;060604
06 Cajamarca;06 Cutervo;05 La Ramada;060605
06 Cajamarca;06 Cutervo;06 Pimpingos;060606
06 Cajamarca;06 Cutervo;07 Querocotillo;060607
06 Cajamarca;06 Cutervo;08 San Andrés de Cutervo;060608
06 Cajamarca;06 Cutervo;09 San Juan de Cutervo;060609
06 Cajamarca;06 Cutervo;10 San Luis de Lucma;060610
06 Cajamarca;06 Cutervo;11 Santa Cruz;060611
06 Cajamarca;06 Cutervo;12 Santo Domingo de la Capilla;060612
06 Cajamarca;06 Cutervo;13 Santo Tomas;060613
06 Cajamarca;06 Cutervo;14 Socota;060614
06 Cajamarca;06 Cutervo;15 Toribio Casanova;060615
06 Cajamarca;07 Hualgayoc;;060700
06 Cajamarca;07 Hualgayoc;01 Bambamarca;060701
06 Cajamarca;07 Hualgayoc;02 Chugur;060702
06 Cajamarca;07 Hualgayoc;03 Hualgayoc;060703
06 Cajamarca;08 Jaén;;060800
06 Cajamarca;08 Jaén;01 Jaén;060801
06 Cajamarca;08 Jaén;02 Bellavista;060802
06 Cajamarca;08 Jaén;03 Chontali;060803
06 Cajamarca;08 Jaén;04 Colasay;060804
06 Cajamarca;08 Jaén;05 Huabal;060805
06 Cajamarca;08 Jaén;06 Las Pirias;060806
06 Cajamarca;08 Jaén;07 Pomahuaca;060807
06 Cajamarca;08 Jaén;08 Pucara;060808
06 Cajamarca;08 Jaén;09 Sallique;060809
06 Cajamarca;08 Jaén;10 San Felipe;060810
06 Cajamarca;08 Jaén;11 San José del Alto;060811
06 Cajamarca;08 Jaén;12 Santa Rosa;060812
06 Cajamarca;09 San Ignacio;;060900
06 Cajamarca;09 San Ignacio;01 San Ignacio;060901
06 Cajamarca;09 San Ignacio;02 Chirinos;060902
06 Cajamarca;09 San Ignacio;03 Huarango;060903
06 Cajamarca;09 San Ignacio;04 La Coipa;060904
06 Cajamarca;09 San Ignacio;05 Namballe;060905
06 Cajamarca;09 San Ignacio;06 San José de Lourdes;060906
06 Cajamarca;09 San Ignacio;07 Tabaconas;060907
06 Cajamarca;10 San Marcos;;061000
06 Cajamarca;10 San Marcos;01 Pedro Gálvez;061001
06 Cajamarca;10 San Marcos;02 Chancay;061002
06 Cajamarca;10 San Marcos;03 Eduardo Villanueva;061003
06 Cajamarca;10 San Marcos;04 Gregorio Pita;061004
06 Cajamarca;10 San Marcos;05 Ichocan;061005
06 Cajamarca;10 San Marcos;06 José Manuel Quiroz;061006
06 Cajamarca;10 San Marcos;07 José Sabogal;061007
06 Cajamarca;11 San Miguel;;061100
06 Cajamarca;11 San Miguel;01 San Miguel;061101
06 Cajamarca;11 San Miguel;02 Bolívar;061102
06 Cajamarca;11 San Miguel;03 Calquis;061103
06 Cajamarca;11 San Miguel;04 Catilluc;061104
06 Cajamarca;11 San Miguel;05 El Prado;061105
06 Cajamarca;11 San Miguel;06 La Florida;061106
06 Cajamarca;11 San Miguel;07 Llapa;061107
06 Cajamarca;11 San Miguel;08 Nanchoc;061108
06 Cajamarca;11 San Miguel;09 Niepos;061109
06 Cajamarca;11 San Miguel;10 San Gregorio;061110
06 Cajamarca;11 San Miguel;11 San Silvestre de Cochan;061111
06 Cajamarca;11 San Miguel;12 Tongod;061112
06 Cajamarca;11 San Miguel;13 Unión Agua Blanca;061113
06 Cajamarca;12 San Pablo;;061200
06 Cajamarca;12 San Pablo;01 San Pablo;061201
06 Cajamarca;12 San Pablo;02 San Bernardino;061202
06 Cajamarca;12 San Pablo;03 San Luis;061203
06 Cajamarca;12 San Pablo;04 Tumbaden;061204
06 Cajamarca;13 Santa Cruz;;061300
06 Cajamarca;13 Santa Cruz;01 Santa Cruz;061301
06 Cajamarca;13 Santa Cruz;02 Andabamba;061302
06 Cajamarca;13 Santa Cruz;03 Catache;061303
06 Cajamarca;13 Santa Cruz;04 Chancaybaños;061304
06 Cajamarca;13 Santa Cruz;05 La Esperanza;061305
06 Cajamarca;13 Santa Cruz;06 Ninabamba;061306
06 Cajamarca;13 Santa Cruz;07 Pulan;061307
06 Cajamarca;13 Santa Cruz;08 Saucepampa;061308
06 Cajamarca;13 Santa Cruz;09 Sexi;061309
06 Cajamarca;13 Santa Cruz;10 Uticyacu;061310
06 Cajamarca;13 Santa Cruz;11 Yauyucan;061311
07 Callao;;;070000
07 Callao;01 Prov. Const. del Callao;;070100
07 Callao;01 Prov. Const. del Callao;01 Callao;070101
07 Callao;01 Prov. Const. del Callao;02 Bellavista;070102
07 Callao;01 Prov. Const. del Callao;03 Carmen de la Legua Reynoso;070103
07 Callao;01 Prov. Const. del Callao;04 La Perla;070104
07 Callao;01 Prov. Const. del Callao;05 La Punta;070105
07 Callao;01 Prov. Const. del Callao;06 Ventanilla;070106
07 Callao;01 Prov. Const. del Callao;07 Mi Perú;070107
08 Cusco;;;080000
08 Cusco;01 Cusco;;080100
08 Cusco;01 Cusco;01 Cusco;080101
08 Cusco;01 Cusco;02 Ccorca;080102
08 Cusco;01 Cusco;03 Poroy;080103
08 Cusco;01 Cusco;04 San Jerónimo;080104
08 Cusco;01 Cusco;05 San Sebastian;080105
08 Cusco;01 Cusco;06 Santiago;080106
08 Cusco;01 Cusco;07 Saylla;080107
08 Cusco;01 Cusco;08 Wanchaq;080108
08 Cusco;02 Acomayo;;080200
08 Cusco;02 Acomayo;01 Acomayo;080201
08 Cusco;02 Acomayo;02 Acopia;080202
08 Cusco;02 Acomayo;03 Acos;080203
08 Cusco;02 Acomayo;04 Mosoc Llacta;080204
08 Cusco;02 Acomayo;05 Pomacanchi;080205
08 Cusco;02 Acomayo;06 Rondocan;080206
08 Cusco;02 Acomayo;07 Sangarara;080207
08 Cusco;03 Anta;;080300
08 Cusco;03 Anta;01 Anta;080301
08 Cusco;03 Anta;02 Ancahuasi;080302
08 Cusco;03 Anta;03 Cachimayo;080303
08 Cusco;03 Anta;04 Chinchaypujio;080304
08 Cusco;03 Anta;05 Huarocondo;080305
08 Cusco;03 Anta;06 Limatambo;080306
08 Cusco;03 Anta;07 Mollepata;080307
08 Cusco;03 Anta;08 Pucyura;080308
08 Cusco;03 Anta;09 Zurite;080309
08 Cusco;04 Calca;;080400
08 Cusco;04 Calca;01 Calca;080401
08 Cusco;04 Calca;02 Coya;080402
08 Cusco;04 Calca;03 Lamay;080403
08 Cusco;04 Calca;04 Lares;080404
08 Cusco;04 Calca;05 Pisac;080405
08 Cusco;04 Calca;06 San Salvador;080406
08 Cusco;04 Calca;07 Taray;080407
08 Cusco;04 Calca;08 Yanatile;080408
08 Cusco;05 Canas;;080500
08 Cusco;05 Canas;01 Yanaoca;080501
08 Cusco;05 Canas;02 Checca;080502
08 Cusco;05 Canas;03 Kunturkanki;080503
08 Cusco;05 Canas;04 Langui;080504
08 Cusco;05 Canas;05 Layo;080505
08 Cusco;05 Canas;06 Pampamarca;080506
08 Cusco;05 Canas;07 Quehue;080507
08 Cusco;05 Canas;08 Tupac Amaru;080508
08 Cusco;06 Canchis;;080600
08 Cusco;06 Canchis;01 Sicuani;080601
08 Cusco;06 Canchis;02 Checacupe;080602
08 Cusco;06 Canchis;03 Combapata;080603
08 Cusco;06 Canchis;04 Marangani;080604
08 Cusco;06 Canchis;05 Pitumarca;080605
08 Cusco;06 Canchis;06 San Pablo;080606
08 Cusco;06 Canchis;07 San Pedro;080607
08 Cusco;06 Canchis;08 Tinta;080608
08 Cusco;07 Chumbivilcas;;080700
08 Cusco;07 Chumbivilcas;01 Santo Tomas;080701
08 Cusco;07 Chumbivilcas;02 Capacmarca;080702
08 Cusco;07 Chumbivilcas;03 Chamaca;080703
08 Cusco;07 Chumbivilcas;04 Colquemarca;080704
08 Cusco;07 Chumbivilcas;05 Livitaca;080705
08 Cusco;07 Chumbivilcas;06 Llusco;080706
08 Cusco;07 Chumbivilcas;07 Quiñota;080707
08 Cusco;07 Chumbivilcas;08 Velille;080708
08 Cusco;08 Espinar;;080800
08 Cusco;08 Espinar;01 Espinar;080801
08 Cusco;08 Espinar;02 Condoroma;080802
08 Cusco;08 Espinar;03 Coporaque;080803
08 Cusco;08 Espinar;04 Ocoruro;080804
08 Cusco;08 Espinar;05 Pallpata;080805
08 Cusco;08 Espinar;06 Pichigua;080806
08 Cusco;08 Espinar;07 Suyckutambo;080807
08 Cusco;08 Espinar;08 Alto Pichigua;080808
08 Cusco;09 La Convención;;080900
08 Cusco;09 La Convención;01 Santa Ana;080901
08 Cusco;09 La Convención;02 Echarate;080902
08 Cusco;09 La Convención;03 Huayopata;080903
08 Cusco;09 La Convención;04 Maranura;080904
08 Cusco;09 La Convención;05 Ocobamba;080905
08 Cusco;09 La Convención;06 Quellouno;080906
08 Cusco;09 La Convención;07 Kimbiri;080907
08 Cusco;09 La Convención;08 Santa Teresa;080908
08 Cusco;09 La Convención;09 Vilcabamba;080909
08 Cusco;09 La Convención;10 Pichari;080910
08 Cusco;09 La Convención;11 Inkawasi;080911
08 Cusco;09 La Convención;12 Villa Virgen;080912
08 Cusco;09 La Convención;13 Villa Kintiarina;080913
08 Cusco;10 Paruro;;081000
08 Cusco;10 Paruro;01 Paruro;081001
08 Cusco;10 Paruro;02 Accha;081002
08 Cusco;10 Paruro;03 Ccapi;081003
08 Cusco;10 Paruro;04 Colcha;081004
08 Cusco;10 Paruro;05 Huanoquite;081005
08 Cusco;10 Paruro;06 Omacha;081006
08 Cusco;10 Paruro;07 Paccaritambo;081007
08 Cusco;10 Paruro;08 Pillpinto;081008
08 Cusco;10 Paruro;09 Yaurisque;081009
08 Cusco;11 Paucartambo;;081100
08 Cusco;11 Paucartambo;01 Paucartambo;081101
08 Cusco;11 Paucartambo;02 Caicay;081102
08 Cusco;11 Paucartambo;03 Challabamba;081103
08 Cusco;11 Paucartambo;04 Colquepata;081104
08 Cusco;11 Paucartambo;05 Huancarani;081105
08 Cusco;11 Paucartambo;06 Kosñipata;081106
08 Cusco;12 Quispicanchi;;081200
08 Cusco;12 Quispicanchi;01 Urcos;081201
08 Cusco;12 Quispicanchi;02 Andahuaylillas;081202
08 Cusco;12 Quispicanchi;03 Camanti;081203
08 Cusco;12 Quispicanchi;04 Ccarhuayo;081204
08 Cusco;12 Quispicanchi;05 Ccatca;081205
08 Cusco;12 Quispicanchi;06 Cusipata;081206
08 Cusco;12 Quispicanchi;07 Huaro;081207
08 Cusco;12 Quispicanchi;08 Lucre;081208
08 Cusco;12 Quispicanchi;09 Marcapata;081209
08 Cusco;12 Quispicanchi;10 Ocongate;081210
08 Cusco;12 Quispicanchi;11 Oropesa;081211
08 Cusco;12 Quispicanchi;12 Quiquijana;081212
08 Cusco;13 Urubamba;;081300
08 Cusco;13 Urubamba;01 Urubamba;081301
08 Cusco;13 Urubamba;02 Chinchero;081302
08 Cusco;13 Urubamba;03 Huayllabamba;081303
08 Cusco;13 Urubamba;04 Machupicchu;081304
08 Cusco;13 Urubamba;05 Maras;081305
08 Cusco;13 Urubamba;06 Ollantaytambo;081306
08 Cusco;13 Urubamba;07 Yucay;081307
09 Huancavelica;;;090000
09 Huancavelica;01 Huancavelica;;090100
09 Huancavelica;01 Huancavelica;01 Huancavelica;090101
09 Huancavelica;01 Huancavelica;02 Acobambilla;090102
09 Huancavelica;01 Huancavelica;03 Acoria;090103
09 Huancavelica;01 Huancavelica;04 Conayca;090104
09 Huancavelica;01 Huancavelica;05 Cuenca;090105
09 Huancavelica;01 Huancavelica;06 Huachocolpa;090106
09 Huancavelica;01 Huancavelica;07 Huayllahuara;090107
09 Huancavelica;01 Huancavelica;08 Izcuchaca;090108
09 Huancavelica;01 Huancavelica;09 Laria;090109
09 Huancavelica;01 Huancavelica;10 Manta;090110
09 Huancavelica;01 Huancavelica;11 Mariscal Cáceres;090111
09 Huancavelica;01 Huancavelica;12 Moya;090112
09 Huancavelica;01 Huancavelica;13 Nuevo Occoro;090113
09 Huancavelica;01 Huancavelica;14 Palca;090114
09 Huancavelica;01 Huancavelica;15 Pilchaca;090115
09 Huancavelica;01 Huancavelica;16 Vilca;090116
09 Huancavelica;01 Huancavelica;17 Yauli;090117
09 Huancavelica;01 Huancavelica;18 Ascensión;090118
09 Huancavelica;01 Huancavelica;19 Huando;090119
09 Huancavelica;02 Acobamba;;090200
09 Huancavelica;02 Acobamba;01 Acobamba;090201
09 Huancavelica;02 Acobamba;02 Andabamba;090202
09 Huancavelica;02 Acobamba;03 Anta;090203
09 Huancavelica;02 Acobamba;04 Caja;090204
09 Huancavelica;02 Acobamba;05 Marcas;090205
09 Huancavelica;02 Acobamba;06 Paucara;090206
09 Huancavelica;02 Acobamba;07 Pomacocha;090207
09 Huancavelica;02 Acobamba;08 Rosario;090208
09 Huancavelica;03 Angaraes;;090300
09 Huancavelica;03 Angaraes;01 Lircay;090301
09 Huancavelica;03 Angaraes;02 Anchonga;090302
09 Huancavelica;03 Angaraes;03 Callanmarca;090303
09 Huancavelica;03 Angaraes;04 Ccochaccasa;090304
09 Huancavelica;03 Angaraes;05 Chincho;090305
09 Huancavelica;03 Angaraes;06 Congalla;090306
09 Huancavelica;03 Angaraes;07 Huanca-Huanca;090307
09 Huancavelica;03 Angaraes;08 Huayllay Grande;090308
09 Huancavelica;03 Angaraes;09 Julcamarca;090309
09 Huancavelica;03 Angaraes;10 San Antonio de Antaparco;090310
09 Huancavelica;03 Angaraes;11 Santo Tomas de Pata;090311
09 Huancavelica;03 Angaraes;12 Secclla;090312
09 Huancavelica;04 Castrovirreyna;;090400
09 Huancavelica;04 Castrovirreyna;01 Castrovirreyna;090401
09 Huancavelica;04 Castrovirreyna;02 Arma;090402
09 Huancavelica;04 Castrovirreyna;03 Aurahua;090403
09 Huancavelica;04 Castrovirreyna;04 Capillas;090404
09 Huancavelica;04 Castrovirreyna;05 Chupamarca;090405
09 Huancavelica;04 Castrovirreyna;06 Cocas;090406
09 Huancavelica;04 Castrovirreyna;07 Huachos;090407
09 Huancavelica;04 Castrovirreyna;08 Huamatambo;090408
09 Huancavelica;04 Castrovirreyna;09 Mollepampa;090409
09 Huancavelica;04 Castrovirreyna;10 San Juan;090410
09 Huancavelica;04 Castrovirreyna;11 Santa Ana;090411
09 Huancavelica;04 Castrovirreyna;12 Tantara;090412
09 Huancavelica;04 Castrovirreyna;13 Ticrapo;090413
09 Huancavelica;05 Churcampa;;090500
09 Huancavelica;05 Churcampa;01 Churcampa;090501
09 Huancavelica;05 Churcampa;02 Anco;090502
09 Huancavelica;05 Churcampa;03 Chinchihuasi;090503
09 Huancavelica;05 Churcampa;04 El Carmen;090504
09 Huancavelica;05 Churcampa;05 La Merced;090505
09 Huancavelica;05 Churcampa;06 Locroja;090506
09 Huancavelica;05 Churcampa;07 Paucarbamba;090507
09 Huancavelica;05 Churcampa;08 San Miguel de Mayocc;090508
09 Huancavelica;05 Churcampa;09 San Pedro de Coris;090509
09 Huancavelica;05 Churcampa;10 Pachamarca;090510
09 Huancavelica;05 Churcampa;11 Cosme;090511
09 Huancavelica;06 Huaytará;;090600
09 Huancavelica;06 Huaytará;01 Huaytara;090601
09 Huancavelica;06 Huaytará;02 Ayavi;090602
09 Huancavelica;06 Huaytará;03 Córdova;090603
09 Huancavelica;06 Huaytará;04 Huayacundo Arma;090604
09 Huancavelica;06 Huaytará;05 Laramarca;090605
09 Huancavelica;06 Huaytará;06 Ocoyo;090606
09 Huancavelica;06 Huaytará;07 Pilpichaca;090607
09 Huancavelica;06 Huaytará;08 Querco;090608
09 Huancavelica;06 Huaytará;09 Quito-Arma;090609
09 Huancavelica;06 Huaytará;10 San Antonio de Cusicancha;090610
09 Huancavelica;06 Huaytará;11 San Francisco de Sangayaico;090611
09 Huancavelica;06 Huaytará;12 San Isidro;090612
09 Huancavelica;06 Huaytará;13 Santiago de Chocorvos;090613
09 Huancavelica;06 Huaytará;14 Santiago de Quirahuara;090614
09 Huancavelica;06 Huaytará;15 Santo Domingo de Capillas;090615
09 Huancavelica;06 Huaytará;16 Tambo;090616
09 Huancavelica;07 Tayacaja;;090700
09 Huancavelica;07 Tayacaja;01 Pampas;090701
09 Huancavelica;07 Tayacaja;02 Acostambo;090702
09 Huancavelica;07 Tayacaja;03 Acraquia;090703
09 Huancavelica;07 Tayacaja;04 Ahuaycha;090704
09 Huancavelica;07 Tayacaja;05 Colcabamba;090705
09 Huancavelica;07 Tayacaja;06 Daniel Hernández;090706
09 Huancavelica;07 Tayacaja;07 Huachocolpa;090707
09 Huancavelica;07 Tayacaja;09 Huaribamba;090709
09 Huancavelica;07 Tayacaja;10 Ñahuimpuquio;090710
09 Huancavelica;07 Tayacaja;11 Pazos;090711
09 Huancavelica;07 Tayacaja;13 Quishuar;090713
09 Huancavelica;07 Tayacaja;14 Salcabamba;090714
09 Huancavelica;07 Tayacaja;15 Salcahuasi;090715
09 Huancavelica;07 Tayacaja;16 San Marcos de Rocchac;090716
09 Huancavelica;07 Tayacaja;17 Surcubamba;090717
09 Huancavelica;07 Tayacaja;18 Tintay Puncu;090718
09 Huancavelica;07 Tayacaja;19 Quichuas;090719
09 Huancavelica;07 Tayacaja;20 Andaymarca;090720
10 Huánuco;;;100000
10 Huánuco;01 Huánuco;;100100
10 Huánuco;01 Huánuco;01 Huanuco;100101
10 Huánuco;01 Huánuco;02 Amarilis;100102
10 Huánuco;01 Huánuco;03 Chinchao;100103
10 Huánuco;01 Huánuco;04 Churubamba;100104
10 Huánuco;01 Huánuco;05 Margos;100105
10 Huánuco;01 Huánuco;06 Quisqui (Kichki);100106
10 Huánuco;01 Huánuco;07 San Francisco de Cayran;100107
10 Huánuco;01 Huánuco;08 San Pedro de Chaulan;100108
10 Huánuco;01 Huánuco;09 Santa María del Valle;100109
10 Huánuco;01 Huánuco;10 Yarumayo;100110
10 Huánuco;01 Huánuco;11 Pillco Marca;100111
10 Huánuco;01 Huánuco;12 Yacus;100112
10 Huánuco;02 Ambo;;100200
10 Huánuco;02 Ambo;01 Ambo;100201
10 Huánuco;02 Ambo;02 Cayna;100202
10 Huánuco;02 Ambo;03 Colpas;100203
10 Huánuco;02 Ambo;04 Conchamarca;100204
10 Huánuco;02 Ambo;05 Huacar;100205
10 Huánuco;02 Ambo;06 San Francisco;100206
10 Huánuco;02 Ambo;07 San Rafael;100207
10 Huánuco;02 Ambo;08 Tomay Kichwa;100208
10 Huánuco;03 Dos de Mayo;;100300
10 Huánuco;03 Dos de Mayo;01 La Unión;100301
10 Huánuco;03 Dos de Mayo;07 Chuquis;100307
10 Huánuco;03 Dos de Mayo;11 Marías;100311
10 Huánuco;03 Dos de Mayo;13 Pachas;100313
10 Huánuco;03 Dos de Mayo;16 Quivilla;100316
10 Huánuco;03 Dos de Mayo;17 Ripan;100317
10 Huánuco;03 Dos de Mayo;21 Shunqui;100321
10 Huánuco;03 Dos de Mayo;22 Sillapata;100322
10 Huánuco;03 Dos de Mayo;23 Yanas;100323
10 Huánuco;04 Huacaybamba;;100400
10 Huánuco;04 Huacaybamba;01 Huacaybamba;100401
10 Huánuco;04 Huacaybamba;02 Canchabamba;100402
10 Huánuco;04 Huacaybamba;03 Cochabamba;100403
10 Huánuco;04 Huacaybamba;04 Pinra;100404
10 Huánuco;05 Huamalíes;;100500
10 Huánuco;05 Huamalíes;01 Llata;100501
10 Huánuco;05 Huamalíes;02 Arancay;100502
10 Huánuco;05 Huamalíes;03 Chavín de Pariarca;100503
10 Huánuco;05 Huamalíes;04 Jacas Grande;100504
10 Huánuco;05 Huamalíes;05 Jircan;100505
10 Huánuco;05 Huamalíes;06 Miraflores;100506
10 Huánuco;05 Huamalíes;07 Monzón;100507
10 Huánuco;05 Huamalíes;08 Punchao;100508
10 Huánuco;05 Huamalíes;09 Puños;100509
10 Huánuco;05 Huamalíes;10 Singa;100510
10 Huánuco;05 Huamalíes;11 Tantamayo;100511
10 Huánuco;06 Leoncio Prado;;100600
10 Huánuco;06 Leoncio Prado;01 Rupa-Rupa;100601
10 Huánuco;06 Leoncio Prado;02 Daniel Alomía Robles;100602
10 Huánuco;06 Leoncio Prado;03 Hermílio Valdizan;100603
10 Huánuco;06 Leoncio Prado;04 José Crespo y Castillo;100604
10 Huánuco;06 Leoncio Prado;05 Luyando;100605
10 Huánuco;06 Leoncio Prado;06 Mariano Damaso Beraun;100606
10 Huánuco;07 Marañón;;100700
10 Huánuco;07 Marañón;01 Huacrachuco;100701
10 Huánuco;07 Marañón;02 Cholon;100702
10 Huánuco;07 Marañón;03 San Buenaventura;100703
10 Huánuco;08 Pachitea;;100800
10 Huánuco;08 Pachitea;01 Panao;100801
10 Huánuco;08 Pachitea;02 Chaglla;100802
10 Huánuco;08 Pachitea;03 Molino;100803
10 Huánuco;08 Pachitea;04 Umari;100804
10 Huánuco;09 Puerto Inca;;100900
10 Huánuco;09 Puerto Inca;01 Puerto Inca;100901
10 Huánuco;09 Puerto Inca;02 Codo del Pozuzo;100902
10 Huánuco;09 Puerto Inca;03 Honoria;100903
10 Huánuco;09 Puerto Inca;04 Tournavista;100904
10 Huánuco;09 Puerto Inca;05 Yuyapichis;100905
10 Huánuco;10 Lauricocha ;;101000
10 Huánuco;10 Lauricocha ;01 Jesús;101001
10 Huánuco;10 Lauricocha ;02 Baños;101002
10 Huánuco;10 Lauricocha ;03 Jivia;101003
10 Huánuco;10 Lauricocha ;04 Queropalca;101004
10 Huánuco;10 Lauricocha ;05 Rondos;101005
10 Huánuco;10 Lauricocha ;06 San Francisco de Asís;101006
10 Huánuco;10 Lauricocha ;07 San Miguel de Cauri;101007
10 Huánuco;11 Yarowilca ;;101100
10 Huánuco;11 Yarowilca ;01 Chavinillo;101101
10 Huánuco;11 Yarowilca ;02 Cahuac;101102
10 Huánuco;11 Yarowilca ;03 Chacabamba;101103
10 Huánuco;11 Yarowilca ;04 Aparicio Pomares;101104
10 Huánuco;11 Yarowilca ;05 Jacas Chico;101105
10 Huánuco;11 Yarowilca ;06 Obas;101106
10 Huánuco;11 Yarowilca ;07 Pampamarca;101107
10 Huánuco;11 Yarowilca ;08 Choras;101108
11 Ica;;;110000
11 Ica;01 Ica ;;110100
11 Ica;01 Ica ;01 Ica;110101
11 Ica;01 Ica ;02 La Tinguiña;110102
11 Ica;01 Ica ;03 Los Aquijes;110103
11 Ica;01 Ica ;04 Ocucaje;110104
11 Ica;01 Ica ;05 Pachacutec;110105
11 Ica;01 Ica ;06 Parcona;110106
11 Ica;01 Ica ;07 Pueblo Nuevo;110107
11 Ica;01 Ica ;08 Salas;110108
11 Ica;01 Ica ;09 San José de Los Molinos;110109
11 Ica;01 Ica ;10 San Juan Bautista;110110
11 Ica;01 Ica ;11 Santiago;110111
11 Ica;01 Ica ;12 Subtanjalla;110112
11 Ica;01 Ica ;13 Tate;110113
11 Ica;01 Ica ;14 Yauca del Rosario;110114
11 Ica;02 Chincha ;;110200
11 Ica;02 Chincha ;01 Chincha Alta;110201
11 Ica;02 Chincha ;02 Alto Laran;110202
11 Ica;02 Chincha ;03 Chavin;110203
11 Ica;02 Chincha ;04 Chincha Baja;110204
11 Ica;02 Chincha ;05 El Carmen;110205
11 Ica;02 Chincha ;06 Grocio Prado;110206
11 Ica;02 Chincha ;07 Pueblo Nuevo;110207
11 Ica;02 Chincha ;08 San Juan de Yanac;110208
11 Ica;02 Chincha ;09 San Pedro de Huacarpana;110209
11 Ica;02 Chincha ;10 Sunampe;110210
11 Ica;02 Chincha ;11 Tambo de Mora;110211
11 Ica;03 Nazca ;;110300
11 Ica;03 Nazca ;01 Nasca;110301
11 Ica;03 Nazca ;02 Changuillo;110302
11 Ica;03 Nazca ;03 El Ingenio;110303
11 Ica;03 Nazca ;04 Marcona;110304
11 Ica;03 Nazca ;05 Vista Alegre;110305
11 Ica;04 Palpa ;;110400
11 Ica;04 Palpa ;01 Palpa;110401
11 Ica;04 Palpa ;02 Llipata;110402
11 Ica;04 Palpa ;03 Río Grande;110403
11 Ica;04 Palpa ;04 Santa Cruz;110404
11 Ica;04 Palpa ;05 Tibillo;110405
11 Ica;05 Pisco ;;110500
11 Ica;05 Pisco ;01 Pisco;110501
11 Ica;05 Pisco ;02 Huancano;110502
11 Ica;05 Pisco ;03 Humay;110503
11 Ica;05 Pisco ;04 Independencia;110504
11 Ica;05 Pisco ;05 Paracas;110505
11 Ica;05 Pisco ;06 San Andrés;110506
11 Ica;05 Pisco ;07 San Clemente;110507
11 Ica;05 Pisco ;08 Tupac Amaru Inca;110508
12 Junín;;;120000
12 Junín;01 Huancayo ;;120100
12 Junín;01 Huancayo ;01 Huancayo;120101
12 Junín;01 Huancayo ;04 Carhuacallanga;120104
12 Junín;01 Huancayo ;05 Chacapampa;120105
12 Junín;01 Huancayo ;06 Chicche;120106
12 Junín;01 Huancayo ;07 Chilca;120107
12 Junín;01 Huancayo ;08 Chongos Alto;120108
12 Junín;01 Huancayo ;11 Chupuro;120111
12 Junín;01 Huancayo ;12 Colca;120112
12 Junín;01 Huancayo ;13 Cullhuas;120113
12 Junín;01 Huancayo ;14 El Tambo;120114
12 Junín;01 Huancayo ;16 Huacrapuquio;120116
12 Junín;01 Huancayo ;17 Hualhuas;120117
12 Junín;01 Huancayo ;19 Huancan;120119
12 Junín;01 Huancayo ;20 Huasicancha;120120
12 Junín;01 Huancayo ;21 Huayucachi;120121
12 Junín;01 Huancayo ;22 Ingenio;120122
12 Junín;01 Huancayo ;24 Pariahuanca;120124
12 Junín;01 Huancayo ;25 Pilcomayo;120125
12 Junín;01 Huancayo ;26 Pucara;120126
12 Junín;01 Huancayo ;27 Quichuay;120127
12 Junín;01 Huancayo ;28 Quilcas;120128
12 Junín;01 Huancayo ;29 San Agustín;120129
12 Junín;01 Huancayo ;30 San Jerónimo de Tunan;120130
12 Junín;01 Huancayo ;32 Saño;120132
12 Junín;01 Huancayo ;33 Sapallanga;120133
12 Junín;01 Huancayo ;34 Sicaya;120134
12 Junín;01 Huancayo ;35 Santo Domingo de Acobamba;120135
12 Junín;01 Huancayo ;36 Viques;120136
12 Junín;02 Concepción ;;120200
12 Junín;02 Concepción ;01 Concepción;120201
12 Junín;02 Concepción ;02 Aco;120202
12 Junín;02 Concepción ;03 Andamarca;120203
12 Junín;02 Concepción ;04 Chambara;120204
12 Junín;02 Concepción ;05 Cochas;120205
12 Junín;02 Concepción ;06 Comas;120206
12 Junín;02 Concepción ;07 Heroínas Toledo;120207
12 Junín;02 Concepción ;08 Manzanares;120208
12 Junín;02 Concepción ;09 Mariscal Castilla;120209
12 Junín;02 Concepción ;10 Matahuasi;120210
12 Junín;02 Concepción ;11 Mito;120211
12 Junín;02 Concepción ;12 Nueve de Julio;120212
12 Junín;02 Concepción ;13 Orcotuna;120213
12 Junín;02 Concepción ;14 San José de Quero;120214
12 Junín;02 Concepción ;15 Santa Rosa de Ocopa;120215
12 Junín;03 Chanchamayo ;;120300
12 Junín;03 Chanchamayo ;01 Chanchamayo;120301
12 Junín;03 Chanchamayo ;02 Perene;120302
12 Junín;03 Chanchamayo ;03 Pichanaqui;120303
12 Junín;03 Chanchamayo ;04 San Luis de Shuaro;120304
12 Junín;03 Chanchamayo ;05 San Ramón;120305
12 Junín;03 Chanchamayo ;06 Vitoc;120306
12 Junín;04 Jauja ;;120400
12 Junín;04 Jauja ;01 Jauja;120401
12 Junín;04 Jauja ;02 Acolla;120402
12 Junín;04 Jauja ;03 Apata;120403
12 Junín;04 Jauja ;04 Ataura;120404
12 Junín;04 Jauja ;05 Canchayllo;120405
12 Junín;04 Jauja ;06 Curicaca;120406
12 Junín;04 Jauja ;07 El Mantaro;120407
12 Junín;04 Jauja ;08 Huamali;120408
12 Junín;04 Jauja ;09 Huaripampa;120409
12 Junín;04 Jauja ;10 Huertas;120410
12 Junín;04 Jauja ;11 Janjaillo;120411
12 Junín;04 Jauja ;12 Julcán;120412
12 Junín;04 Jauja ;13 Leonor Ordóñez;120413
12 Junín;04 Jauja ;14 Llocllapampa;120414
12 Junín;04 Jauja ;15 Marco;120415
12 Junín;04 Jauja ;16 Masma;120416
12 Junín;04 Jauja ;17 Masma Chicche;120417
12 Junín;04 Jauja ;18 Molinos;120418
12 Junín;04 Jauja ;19 Monobamba;120419
12 Junín;04 Jauja ;20 Muqui;120420
12 Junín;04 Jauja ;21 Muquiyauyo;120421
12 Junín;04 Jauja ;22 Paca;120422
12 Junín;04 Jauja ;23 Paccha;120423
12 Junín;04 Jauja ;24 Pancan;120424
12 Junín;04 Jauja ;25 Parco;120425
12 Junín;04 Jauja ;26 Pomacancha;120426
12 Junín;04 Jauja ;27 Ricran;120427
12 Junín;04 Jauja ;28 San Lorenzo;120428
12 Junín;04 Jauja ;29 San Pedro de Chunan;120429
12 Junín;04 Jauja ;30 Sausa;120430
12 Junín;04 Jauja ;31 Sincos;120431
12 Junín;04 Jauja ;32 Tunan Marca;120432
12 Junín;04 Jauja ;33 Yauli;120433
12 Junín;04 Jauja ;34 Yauyos;120434
12 Junín;05 Junín ;;120500
12 Junín;05 Junín ;01 Junin;120501
12 Junín;05 Junín ;02 Carhuamayo;120502
12 Junín;05 Junín ;03 Ondores;120503
12 Junín;05 Junín ;04 Ulcumayo;120504
12 Junín;06 Satipo ;;120600
12 Junín;06 Satipo ;01 Satipo;120601
12 Junín;06 Satipo ;02 Coviriali;120602
12 Junín;06 Satipo ;03 Llaylla;120603
12 Junín;06 Satipo ;04 Mazamari;120604
12 Junín;06 Satipo ;05 Pampa Hermosa;120605
12 Junín;06 Satipo ;06 Pangoa;120606
12 Junín;06 Satipo ;07 Río Negro;120607
12 Junín;06 Satipo ;08 Río Tambo;120608
12 Junín;06 Satipo ;09 Vizcatan del Ene;120609
12 Junín;07 Tarma ;;120700
12 Junín;07 Tarma ;01 Tarma;120701
12 Junín;07 Tarma ;02 Acobamba;120702
12 Junín;07 Tarma ;03 Huaricolca;120703
12 Junín;07 Tarma ;04 Huasahuasi;120704
12 Junín;07 Tarma ;05 La Unión;120705
12 Junín;07 Tarma ;06 Palca;120706
12 Junín;07 Tarma ;07 Palcamayo;120707
12 Junín;07 Tarma ;08 San Pedro de Cajas;120708
12 Junín;07 Tarma ;09 Tapo;120709
12 Junín;08 Yauli ;;120800
12 Junín;08 Yauli ;01 La Oroya;120801
12 Junín;08 Yauli ;02 Chacapalpa;120802
12 Junín;08 Yauli ;03 Huay-Huay;120803
12 Junín;08 Yauli ;04 Marcapomacocha;120804
12 Junín;08 Yauli ;05 Morococha;120805
12 Junín;08 Yauli ;06 Paccha;120806
12 Junín;08 Yauli ;07 Santa Bárbara de Carhuacayan;120807
12 Junín;08 Yauli ;08 Santa Rosa de Sacco;120808
12 Junín;08 Yauli ;09 Suitucancha;120809
12 Junín;08 Yauli ;10 Yauli;120810
12 Junín;09 Chupaca ;;120900
12 Junín;09 Chupaca ;01 Chupaca;120901
12 Junín;09 Chupaca ;02 Ahuac;120902
12 Junín;09 Chupaca ;03 Chongos Bajo;120903
12 Junín;09 Chupaca ;04 Huachac;120904
12 Junín;09 Chupaca ;05 Huamancaca Chico;120905
12 Junín;09 Chupaca ;06 San Juan de Iscos;120906
12 Junín;09 Chupaca ;07 San Juan de Jarpa;120907
12 Junín;09 Chupaca ;08 Tres de Diciembre;120908
12 Junín;09 Chupaca ;09 Yanacancha;120909
13 La Libertad;;;130000
13 La Libertad;01 Trujillo ;;130100
13 La Libertad;01 Trujillo ;01 Trujillo;130101
13 La Libertad;01 Trujillo ;02 El Porvenir;130102
13 La Libertad;01 Trujillo ;03 Florencia de Mora;130103
13 La Libertad;01 Trujillo ;04 Huanchaco;130104
13 La Libertad;01 Trujillo ;05 La Esperanza;130105
13 La Libertad;01 Trujillo ;06 Laredo;130106
13 La Libertad;01 Trujillo ;07 Moche;130107
13 La Libertad;01 Trujillo ;08 Poroto;130108
13 La Libertad;01 Trujillo ;09 Salaverry;130109
13 La Libertad;01 Trujillo ;10 Simbal;130110
13 La Libertad;01 Trujillo ;11 Victor Larco Herrera;130111
13 La Libertad;02 Ascope ;;130200
13 La Libertad;02 Ascope ;01 Ascope;130201
13 La Libertad;02 Ascope ;02 Chicama;130202
13 La Libertad;02 Ascope ;03 Chocope;130203
13 La Libertad;02 Ascope ;04 Magdalena de Cao;130204
13 La Libertad;02 Ascope ;05 Paijan;130205
13 La Libertad;02 Ascope ;06 Rázuri;130206
13 La Libertad;02 Ascope ;07 Santiago de Cao;130207
13 La Libertad;02 Ascope ;08 Casa Grande;130208
13 La Libertad;03 Bolívar ;;130300
13 La Libertad;03 Bolívar ;01 Bolívar;130301
13 La Libertad;03 Bolívar ;02 Bambamarca;130302
13 La Libertad;03 Bolívar ;03 Condormarca;130303
13 La Libertad;03 Bolívar ;04 Longotea;130304
13 La Libertad;03 Bolívar ;05 Uchumarca;130305
13 La Libertad;03 Bolívar ;06 Ucuncha;130306
13 La Libertad;04 Chepén ;;130400
13 La Libertad;04 Chepén ;01 Chepen;130401
13 La Libertad;04 Chepén ;02 Pacanga;130402
13 La Libertad;04 Chepén ;03 Pueblo Nuevo;130403
13 La Libertad;05 Julcán ;;130500
13 La Libertad;05 Julcán ;01 Julcan;130501
13 La Libertad;05 Julcán ;02 Calamarca;130502
13 La Libertad;05 Julcán ;03 Carabamba;130503
13 La Libertad;05 Julcán ;04 Huaso;130504
13 La Libertad;06 Otuzco ;;130600
13 La Libertad;06 Otuzco ;01 Otuzco;130601
13 La Libertad;06 Otuzco ;02 Agallpampa;130602
13 La Libertad;06 Otuzco ;04 Charat;130604
13 La Libertad;06 Otuzco ;05 Huaranchal;130605
13 La Libertad;06 Otuzco ;06 La Cuesta;130606
13 La Libertad;06 Otuzco ;08 Mache;130608
13 La Libertad;06 Otuzco ;10 Paranday;130610
13 La Libertad;06 Otuzco ;11 Salpo;130611
13 La Libertad;06 Otuzco ;13 Sinsicap;130613
13 La Libertad;06 Otuzco ;14 Usquil;130614
13 La Libertad;07 Pacasmayo ;;130700
13 La Libertad;07 Pacasmayo ;01 San Pedro de Lloc;130701
13 La Libertad;07 Pacasmayo ;02 Guadalupe;130702
13 La Libertad;07 Pacasmayo ;03 Jequetepeque;130703
13 La Libertad;07 Pacasmayo ;04 Pacasmayo;130704
13 La Libertad;07 Pacasmayo ;05 San José;130705
13 La Libertad;08 Pataz ;;130800
13 La Libertad;08 Pataz ;01 Tayabamba;130801
13 La Libertad;08 Pataz ;02 Buldibuyo;130802
13 La Libertad;08 Pataz ;03 Chillia;130803
13 La Libertad;08 Pataz ;04 Huancaspata;130804
13 La Libertad;08 Pataz ;05 Huaylillas;130805
13 La Libertad;08 Pataz ;06 Huayo;130806
13 La Libertad;08 Pataz ;07 Ongon;130807
13 La Libertad;08 Pataz ;08 Parcoy;130808
13 La Libertad;08 Pataz ;09 Pataz;130809
13 La Libertad;08 Pataz ;10 Pias;130810
13 La Libertad;08 Pataz ;11 Santiago de Challas;130811
13 La Libertad;08 Pataz ;12 Taurija;130812
13 La Libertad;08 Pataz ;13 Urpay;130813
13 La Libertad;09 Sánchez Carrión ;;130900
13 La Libertad;09 Sánchez Carrión ;01 Huamachuco;130901
13 La Libertad;09 Sánchez Carrión ;02 Chugay;130902
13 La Libertad;09 Sánchez Carrión ;03 Cochorco;130903
13 La Libertad;09 Sánchez Carrión ;04 Curgos;130904
13 La Libertad;09 Sánchez Carrión ;05 Marcabal;130905
13 La Libertad;09 Sánchez Carrión ;06 Sanagoran;130906
13 La Libertad;09 Sánchez Carrión ;07 Sarin;130907
13 La Libertad;09 Sánchez Carrión ;08 Sartimbamba;130908
13 La Libertad;10 Santiago de Chuco ;;131000
13 La Libertad;10 Santiago de Chuco ;01 Santiago de Chuco;131001
13 La Libertad;10 Santiago de Chuco ;02 Angasmarca;131002
13 La Libertad;10 Santiago de Chuco ;03 Cachicadan;131003
13 La Libertad;10 Santiago de Chuco ;04 Mollebamba;131004
13 La Libertad;10 Santiago de Chuco ;05 Mollepata;131005
13 La Libertad;10 Santiago de Chuco ;06 Quiruvilca;131006
13 La Libertad;10 Santiago de Chuco ;07 Santa Cruz de Chuca;131007
13 La Libertad;10 Santiago de Chuco ;08 Sitabamba;131008
13 La Libertad;11 Gran Chimú ;;131100
13 La Libertad;11 Gran Chimú ;01 Cascas;131101
13 La Libertad;11 Gran Chimú ;02 Lucma;131102
13 La Libertad;11 Gran Chimú ;03 Marmot;131103
13 La Libertad;11 Gran Chimú ;04 Sayapullo;131104
13 La Libertad;12 Virú ;;131200
13 La Libertad;12 Virú ;01 Viru;131201
13 La Libertad;12 Virú ;02 Chao;131202
13 La Libertad;12 Virú ;03 Guadalupito;131203
14 Lambayeque;;;140000
14 Lambayeque;01 Chiclayo ;;140100
14 Lambayeque;01 Chiclayo ;01 Chiclayo;140101
14 Lambayeque;01 Chiclayo ;02 Chongoyape;140102
14 Lambayeque;01 Chiclayo ;03 Eten;140103
14 Lambayeque;01 Chiclayo ;04 Eten Puerto;140104
14 Lambayeque;01 Chiclayo ;05 José Leonardo Ortiz;140105
14 Lambayeque;01 Chiclayo ;06 La Victoria;140106
14 Lambayeque;01 Chiclayo ;07 Lagunas;140107
14 Lambayeque;01 Chiclayo ;08 Monsefu;140108
14 Lambayeque;01 Chiclayo ;09 Nueva Arica;140109
14 Lambayeque;01 Chiclayo ;10 Oyotun;140110
14 Lambayeque;01 Chiclayo ;11 Picsi;140111
14 Lambayeque;01 Chiclayo ;12 Pimentel;140112
14 Lambayeque;01 Chiclayo ;13 Reque;140113
14 Lambayeque;01 Chiclayo ;14 Santa Rosa;140114
14 Lambayeque;01 Chiclayo ;15 Saña;140115
14 Lambayeque;01 Chiclayo ;16 Cayalti;140116
14 Lambayeque;01 Chiclayo ;17 Patapo;140117
14 Lambayeque;01 Chiclayo ;18 Pomalca;140118
14 Lambayeque;01 Chiclayo ;19 Pucala;140119
14 Lambayeque;01 Chiclayo ;20 Tuman;140120
14 Lambayeque;02 Ferreñafe ;;140200
14 Lambayeque;02 Ferreñafe ;01 Ferreñafe;140201
14 Lambayeque;02 Ferreñafe ;02 Cañaris;140202
14 Lambayeque;02 Ferreñafe ;03 Incahuasi;140203
14 Lambayeque;02 Ferreñafe ;04 Manuel Antonio Mesones Muro;140204
14 Lambayeque;02 Ferreñafe ;05 Pitipo;140205
14 Lambayeque;02 Ferreñafe ;06 Pueblo Nuevo;140206
14 Lambayeque;03 Lambayeque ;;140300
14 Lambayeque;03 Lambayeque ;01 Lambayeque;140301
14 Lambayeque;03 Lambayeque ;02 Chochope;140302
14 Lambayeque;03 Lambayeque ;03 Illimo;140303
14 Lambayeque;03 Lambayeque ;04 Jayanca;140304
14 Lambayeque;03 Lambayeque ;05 Mochumi;140305
14 Lambayeque;03 Lambayeque ;06 Morrope;140306
14 Lambayeque;03 Lambayeque ;07 Motupe;140307
14 Lambayeque;03 Lambayeque ;08 Olmos;140308
14 Lambayeque;03 Lambayeque ;09 Pacora;140309
14 Lambayeque;03 Lambayeque ;10 Salas;140310
14 Lambayeque;03 Lambayeque ;11 San José;140311
14 Lambayeque;03 Lambayeque ;12 Tucume;140312
15 Lima;;;150000
15 Lima;01 Lima ;;150100
15 Lima;01 Lima ;01 Lima;150101
15 Lima;01 Lima ;02 Ancón;150102
15 Lima;01 Lima ;03 Ate;150103
15 Lima;01 Lima ;04 Barranco;150104
15 Lima;01 Lima ;05 Breña;150105
15 Lima;01 Lima ;06 Carabayllo;150106
15 Lima;01 Lima ;07 Chaclacayo;150107
15 Lima;01 Lima ;08 Chorrillos;150108
15 Lima;01 Lima ;09 Cieneguilla;150109
15 Lima;01 Lima ;10 Comas;150110
15 Lima;01 Lima ;11 El Agustino;150111
15 Lima;01 Lima ;12 Independencia;150112
15 Lima;01 Lima ;13 Jesús María;150113
15 Lima;01 Lima ;14 La Molina;150114
15 Lima;01 Lima ;15 La Victoria;150115
15 Lima;01 Lima ;16 Lince;150116
15 Lima;01 Lima ;17 Los Olivos;150117
15 Lima;01 Lima ;18 Lurigancho;150118
15 Lima;01 Lima ;19 Lurin;150119
15 Lima;01 Lima ;20 Magdalena del Mar;150120
15 Lima;01 Lima ;21 Pueblo Libre;150121
15 Lima;01 Lima ;22 Miraflores;150122
15 Lima;01 Lima ;23 Pachacamac;150123
15 Lima;01 Lima ;24 Pucusana;150124
15 Lima;01 Lima ;25 Puente Piedra;150125
15 Lima;01 Lima ;26 Punta Hermosa;150126
15 Lima;01 Lima ;27 Punta Negra;150127
15 Lima;01 Lima ;28 Rímac;150128
15 Lima;01 Lima ;29 San Bartolo;150129
15 Lima;01 Lima ;30 San Borja;150130
15 Lima;01 Lima ;31 San Isidro;150131
15 Lima;01 Lima ;32 San Juan de Lurigancho;150132
15 Lima;01 Lima ;33 San Juan de Miraflores;150133
15 Lima;01 Lima ;34 San Luis;150134
15 Lima;01 Lima ;35 San Martín de Porres;150135
15 Lima;01 Lima ;36 San Miguel;150136
15 Lima;01 Lima ;37 Santa Anita;150137
15 Lima;01 Lima ;38 Santa María del Mar;150138
15 Lima;01 Lima ;39 Santa Rosa;150139
15 Lima;01 Lima ;40 Santiago de Surco;150140
15 Lima;01 Lima ;41 Surquillo;150141
15 Lima;01 Lima ;42 Villa El Salvador;150142
15 Lima;01 Lima ;43 Villa María del Triunfo;150143
15 Lima;02 Barranca ;;150200
15 Lima;02 Barranca ;01 Barranca;150201
15 Lima;02 Barranca ;02 Paramonga;150202
15 Lima;02 Barranca ;03 Pativilca;150203
15 Lima;02 Barranca ;04 Supe;150204
15 Lima;02 Barranca ;05 Supe Puerto;150205
15 Lima;03 Cajatambo ;;150300
15 Lima;03 Cajatambo ;01 Cajatambo;150301
15 Lima;03 Cajatambo ;02 Copa;150302
15 Lima;03 Cajatambo ;03 Gorgor;150303
15 Lima;03 Cajatambo ;04 Huancapon;150304
15 Lima;03 Cajatambo ;05 Manas;150305
15 Lima;04 Canta ;;150400
15 Lima;04 Canta ;01 Canta;150401
15 Lima;04 Canta ;02 Arahuay;150402
15 Lima;04 Canta ;03 Huamantanga;150403
15 Lima;04 Canta ;04 Huaros;150404
15 Lima;04 Canta ;05 Lachaqui;150405
15 Lima;04 Canta ;06 San Buenaventura;150406
15 Lima;04 Canta ;07 Santa Rosa de Quives;150407
15 Lima;05 Cañete ;;150500
15 Lima;05 Cañete ;01 San Vicente de Cañete;150501
15 Lima;05 Cañete ;02 Asia;150502
15 Lima;05 Cañete ;03 Calango;150503
15 Lima;05 Cañete ;04 Cerro Azul;150504
15 Lima;05 Cañete ;05 Chilca;150505
15 Lima;05 Cañete ;06 Coayllo;150506
15 Lima;05 Cañete ;07 Imperial;150507
15 Lima;05 Cañete ;08 Lunahuana;150508
15 Lima;05 Cañete ;09 Mala;150509
15 Lima;05 Cañete ;10 Nuevo Imperial;150510
15 Lima;05 Cañete ;11 Pacaran;150511
15 Lima;05 Cañete ;12 Quilmana;150512
15 Lima;05 Cañete ;13 San Antonio;150513
15 Lima;05 Cañete ;14 San Luis;150514
15 Lima;05 Cañete ;15 Santa Cruz de Flores;150515
15 Lima;05 Cañete ;16 Zúñiga;150516
15 Lima;06 Huaral ;;150600
15 Lima;06 Huaral ;01 Huaral;150601
15 Lima;06 Huaral ;02 Atavillos Alto;150602
15 Lima;06 Huaral ;03 Atavillos Bajo;150603
15 Lima;06 Huaral ;04 Aucallama;150604
15 Lima;06 Huaral ;05 Chancay;150605
15 Lima;06 Huaral ;06 Ihuari;150606
15 Lima;06 Huaral ;07 Lampian;150607
15 Lima;06 Huaral ;08 Pacaraos;150608
15 Lima;06 Huaral ;09 San Miguel de Acos;150609
15 Lima;06 Huaral ;10 Santa Cruz de Andamarca;150610
15 Lima;06 Huaral ;11 Sumbilca;150611
15 Lima;06 Huaral ;12 Veintisiete de Noviembre;150612
15 Lima;07 Huarochirí ;;150700
15 Lima;07 Huarochirí ;01 Matucana;150701
15 Lima;07 Huarochirí ;02 Antioquia;150702
15 Lima;07 Huarochirí ;03 Callahuanca;150703
15 Lima;07 Huarochirí ;04 Carampoma;150704
15 Lima;07 Huarochirí ;05 Chicla;150705
15 Lima;07 Huarochirí ;06 Cuenca;150706
15 Lima;07 Huarochirí ;07 Huachupampa;150707
15 Lima;07 Huarochirí ;08 Huanza;150708
15 Lima;07 Huarochirí ;09 Huarochiri;150709
15 Lima;07 Huarochirí ;10 Lahuaytambo;150710
15 Lima;07 Huarochirí ;11 Langa;150711
15 Lima;07 Huarochirí ;12 Laraos;150712
15 Lima;07 Huarochirí ;13 Mariatana;150713
15 Lima;07 Huarochirí ;14 Ricardo Palma;150714
15 Lima;07 Huarochirí ;15 San Andrés de Tupicocha;150715
15 Lima;07 Huarochirí ;16 San Antonio;150716
15 Lima;07 Huarochirí ;17 San Bartolomé;150717
15 Lima;07 Huarochirí ;18 San Damian;150718
15 Lima;07 Huarochirí ;19 San Juan de Iris;150719
15 Lima;07 Huarochirí ;20 San Juan de Tantaranche;150720
15 Lima;07 Huarochirí ;21 San Lorenzo de Quinti;150721
15 Lima;07 Huarochirí ;22 San Mateo;150722
15 Lima;07 Huarochirí ;23 San Mateo de Otao;150723
15 Lima;07 Huarochirí ;24 San Pedro de Casta;150724
15 Lima;07 Huarochirí ;25 San Pedro de Huancayre;150725
15 Lima;07 Huarochirí ;26 Sangallaya;150726
15 Lima;07 Huarochirí ;27 Santa Cruz de Cocachacra;150727
15 Lima;07 Huarochirí ;28 Santa Eulalia;150728
15 Lima;07 Huarochirí ;29 Santiago de Anchucaya;150729
15 Lima;07 Huarochirí ;30 Santiago de Tuna;150730
15 Lima;07 Huarochirí ;31 Santo Domingo de Los Olleros;150731
15 Lima;07 Huarochirí ;32 Surco;150732
15 Lima;08 Huaura ;;150800
15 Lima;08 Huaura ;01 Huacho;150801
15 Lima;08 Huaura ;02 Ambar;150802
15 Lima;08 Huaura ;03 Caleta de Carquin;150803
15 Lima;08 Huaura ;04 Checras;150804
15 Lima;08 Huaura ;05 Hualmay;150805
15 Lima;08 Huaura ;06 Huaura;150806
15 Lima;08 Huaura ;07 Leoncio Prado;150807
15 Lima;08 Huaura ;08 Paccho;150808
15 Lima;08 Huaura ;09 Santa Leonor;150809
15 Lima;08 Huaura ;10 Santa María;150810
15 Lima;08 Huaura ;11 Sayan;150811
15 Lima;08 Huaura ;12 Vegueta;150812
15 Lima;09 Oyón ;;150900
15 Lima;09 Oyón ;01 Oyon;150901
15 Lima;09 Oyón ;02 Andajes;150902
15 Lima;09 Oyón ;03 Caujul;150903
15 Lima;09 Oyón ;04 Cochamarca;150904
15 Lima;09 Oyón ;05 Navan;150905
15 Lima;09 Oyón ;06 Pachangara;150906
15 Lima;10 Yauyos ;;151000
15 Lima;10 Yauyos ;01 Yauyos;151001
15 Lima;10 Yauyos ;02 Alis;151002
15 Lima;10 Yauyos ;03 Allauca;151003
15 Lima;10 Yauyos ;04 Ayaviri;151004
15 Lima;10 Yauyos ;05 Azángaro;151005
15 Lima;10 Yauyos ;06 Cacra;151006
15 Lima;10 Yauyos ;07 Carania;151007
15 Lima;10 Yauyos ;08 Catahuasi;151008
15 Lima;10 Yauyos ;09 Chocos;151009
15 Lima;10 Yauyos ;10 Cochas;151010
15 Lima;10 Yauyos ;11 Colonia;151011
15 Lima;10 Yauyos ;12 Hongos;151012
15 Lima;10 Yauyos ;13 Huampara;151013
15 Lima;10 Yauyos ;14 Huancaya;151014
15 Lima;10 Yauyos ;15 Huangascar;151015
15 Lima;10 Yauyos ;16 Huantan;151016
15 Lima;10 Yauyos ;17 Huañec;151017
15 Lima;10 Yauyos ;18 Laraos;151018
15 Lima;10 Yauyos ;19 Lincha;151019
15 Lima;10 Yauyos ;20 Madean;151020
15 Lima;10 Yauyos ;21 Miraflores;151021
15 Lima;10 Yauyos ;22 Omas;151022
15 Lima;10 Yauyos ;23 Putinza;151023
15 Lima;10 Yauyos ;24 Quinches;151024
15 Lima;10 Yauyos ;25 Quinocay;151025
15 Lima;10 Yauyos ;26 San Joaquín;151026
15 Lima;10 Yauyos ;27 San Pedro de Pilas;151027
15 Lima;10 Yauyos ;28 Tanta;151028
15 Lima;10 Yauyos ;29 Tauripampa;151029
15 Lima;10 Yauyos ;30 Tomas;151030
15 Lima;10 Yauyos ;31 Tupe;151031
15 Lima;10 Yauyos ;32 Viñac;151032
15 Lima;10 Yauyos ;33 Vitis;151033
16 Loreto;;;160000
16 Loreto;01 Maynas ;;160100
16 Loreto;01 Maynas ;01 Iquitos;160101
16 Loreto;01 Maynas ;02 Alto Nanay;160102
16 Loreto;01 Maynas ;03 Fernando Lores;160103
16 Loreto;01 Maynas ;04 Indiana;160104
16 Loreto;01 Maynas ;05 Las Amazonas;160105
16 Loreto;01 Maynas ;06 Mazan;160106
16 Loreto;01 Maynas ;07 Napo;160107
16 Loreto;01 Maynas ;08 Punchana;160108
16 Loreto;01 Maynas ;10 Torres Causana;160110
16 Loreto;01 Maynas ;12 Belén;160112
16 Loreto;01 Maynas ;13 San Juan Bautista;160113
16 Loreto;02 Alto Amazonas ;;160200
16 Loreto;02 Alto Amazonas ;01 Yurimaguas;160201
16 Loreto;02 Alto Amazonas ;02 Balsapuerto;160202
16 Loreto;02 Alto Amazonas ;05 Jeberos;160205
16 Loreto;02 Alto Amazonas ;06 Lagunas;160206
16 Loreto;02 Alto Amazonas ;10 Santa Cruz;160210
16 Loreto;02 Alto Amazonas ;11 Teniente Cesar López Rojas;160211
16 Loreto;03 Loreto ;;160300
16 Loreto;03 Loreto ;01 Nauta;160301
16 Loreto;03 Loreto ;02 Parinari;160302
16 Loreto;03 Loreto ;03 Tigre;160303
16 Loreto;03 Loreto ;04 Trompeteros;160304
16 Loreto;03 Loreto ;05 Urarinas;160305
16 Loreto;04 Mariscal Ramón Castilla ;;160400
16 Loreto;04 Mariscal Ramón Castilla ;01 Ramón Castilla;160401
16 Loreto;04 Mariscal Ramón Castilla ;02 Pebas;160402
16 Loreto;04 Mariscal Ramón Castilla ;03 Yavari;160403
16 Loreto;04 Mariscal Ramón Castilla ;04 San Pablo;160404
16 Loreto;05 Requena ;;160500
16 Loreto;05 Requena ;01 Requena;160501
16 Loreto;05 Requena ;02 Alto Tapiche;160502
16 Loreto;05 Requena ;03 Capelo;160503
16 Loreto;05 Requena ;04 Emilio San Martín;160504
16 Loreto;05 Requena ;05 Maquia;160505
16 Loreto;05 Requena ;06 Puinahua;160506
16 Loreto;05 Requena ;07 Saquena;160507
16 Loreto;05 Requena ;08 Soplin;160508
16 Loreto;05 Requena ;09 Tapiche;160509
16 Loreto;05 Requena ;10 Jenaro Herrera;160510
16 Loreto;05 Requena ;11 Yaquerana;160511
16 Loreto;06 Ucayali ;;160600
16 Loreto;06 Ucayali ;01 Contamana;160601
16 Loreto;06 Ucayali ;02 Inahuaya;160602
16 Loreto;06 Ucayali ;03 Padre Márquez;160603
16 Loreto;06 Ucayali ;04 Pampa Hermosa;160604
16 Loreto;06 Ucayali ;05 Sarayacu;160605
16 Loreto;06 Ucayali ;06 Vargas Guerra;160606
16 Loreto;07 Datem del Marañón ;;160700
16 Loreto;07 Datem del Marañón ;01 Barranca;160701
16 Loreto;07 Datem del Marañón ;02 Cahuapanas;160702
16 Loreto;07 Datem del Marañón ;03 Manseriche;160703
16 Loreto;07 Datem del Marañón ;04 Morona;160704
16 Loreto;07 Datem del Marañón ;05 Pastaza;160705
16 Loreto;07 Datem del Marañón ;06 Andoas;160706
16 Loreto;08 Putumayo;;160800
16 Loreto;08 Putumayo;01 Putumayo;160801
16 Loreto;08 Putumayo;02 Rosa Panduro;160802
16 Loreto;08 Putumayo;03 Teniente Manuel Clavero;160803
16 Loreto;08 Putumayo;04 Yaguas;160804
17 Madre de Dios;;;170000
17 Madre de Dios;01 Tambopata ;;170100
17 Madre de Dios;01 Tambopata ;01 Tambopata;170101
17 Madre de Dios;01 Tambopata ;02 Inambari;170102
17 Madre de Dios;01 Tambopata ;03 Las Piedras;170103
17 Madre de Dios;01 Tambopata ;04 Laberinto;170104
17 Madre de Dios;02 Manu ;;170200
17 Madre de Dios;02 Manu ;01 Manu;170201
17 Madre de Dios;02 Manu ;02 Fitzcarrald;170202
17 Madre de Dios;02 Manu ;03 Madre de Dios;170203
17 Madre de Dios;02 Manu ;04 Huepetuhe;170204
17 Madre de Dios;03 Tahuamanu ;;170300
17 Madre de Dios;03 Tahuamanu ;01 Iñapari;170301
17 Madre de Dios;03 Tahuamanu ;02 Iberia;170302
17 Madre de Dios;03 Tahuamanu ;03 Tahuamanu;170303
18 Moquegua;;;180000
18 Moquegua;01 Mariscal Nieto ;;180100
18 Moquegua;01 Mariscal Nieto ;01 Moquegua;180101
18 Moquegua;01 Mariscal Nieto ;02 Carumas;180102
18 Moquegua;01 Mariscal Nieto ;03 Cuchumbaya;180103
18 Moquegua;01 Mariscal Nieto ;04 Samegua;180104
18 Moquegua;01 Mariscal Nieto ;05 San Cristóbal;180105
18 Moquegua;01 Mariscal Nieto ;06 Torata;180106
18 Moquegua;02 General Sánchez Cerro ;;180200
18 Moquegua;02 General Sánchez Cerro ;01 Omate;180201
18 Moquegua;02 General Sánchez Cerro ;02 Chojata;180202
18 Moquegua;02 General Sánchez Cerro ;03 Coalaque;180203
18 Moquegua;02 General Sánchez Cerro ;04 Ichuña;180204
18 Moquegua;02 General Sánchez Cerro ;05 La Capilla;180205
18 Moquegua;02 General Sánchez Cerro ;06 Lloque;180206
18 Moquegua;02 General Sánchez Cerro ;07 Matalaque;180207
18 Moquegua;02 General Sánchez Cerro ;08 Puquina;180208
18 Moquegua;02 General Sánchez Cerro ;09 Quinistaquillas;180209
18 Moquegua;02 General Sánchez Cerro ;10 Ubinas;180210
18 Moquegua;02 General Sánchez Cerro ;11 Yunga;180211
18 Moquegua;03 Ilo ;;180300
18 Moquegua;03 Ilo ;01 Ilo;180301
18 Moquegua;03 Ilo ;02 El Algarrobal;180302
18 Moquegua;03 Ilo ;03 Pacocha;180303
19 Pasco;;;190000
19 Pasco;01 Pasco ;;190100
19 Pasco;01 Pasco ;01 Chaupimarca;190101
19 Pasco;01 Pasco ;02 Huachon;190102
19 Pasco;01 Pasco ;03 Huariaca;190103
19 Pasco;01 Pasco ;04 Huayllay;190104
19 Pasco;01 Pasco ;05 Ninacaca;190105
19 Pasco;01 Pasco ;06 Pallanchacra;190106
19 Pasco;01 Pasco ;07 Paucartambo;190107
19 Pasco;01 Pasco ;08 San Francisco de Asís de Yarusyacan;190108
19 Pasco;01 Pasco ;09 Simon Bolívar;190109
19 Pasco;01 Pasco ;10 Ticlacayan;190110
19 Pasco;01 Pasco ;11 Tinyahuarco;190111
19 Pasco;01 Pasco ;12 Vicco;190112
19 Pasco;01 Pasco ;13 Yanacancha;190113
19 Pasco;02 Daniel Alcides Carrión ;;190200
19 Pasco;02 Daniel Alcides Carrión ;01 Yanahuanca;190201
19 Pasco;02 Daniel Alcides Carrión ;02 Chacayan;190202
19 Pasco;02 Daniel Alcides Carrión ;03 Goyllarisquizga;190203
19 Pasco;02 Daniel Alcides Carrión ;04 Paucar;190204
19 Pasco;02 Daniel Alcides Carrión ;05 San Pedro de Pillao;190205
19 Pasco;02 Daniel Alcides Carrión ;06 Santa Ana de Tusi;190206
19 Pasco;02 Daniel Alcides Carrión ;07 Tapuc;190207
19 Pasco;02 Daniel Alcides Carrión ;08 Vilcabamba;190208
19 Pasco;03 Oxapampa ;;190300
19 Pasco;03 Oxapampa ;01 Oxapampa;190301
19 Pasco;03 Oxapampa ;02 Chontabamba;190302
19 Pasco;03 Oxapampa ;03 Huancabamba;190303
19 Pasco;03 Oxapampa ;04 Palcazu;190304
19 Pasco;03 Oxapampa ;05 Pozuzo;190305
19 Pasco;03 Oxapampa ;06 Puerto Bermúdez;190306
19 Pasco;03 Oxapampa ;07 Villa Rica;190307
19 Pasco;03 Oxapampa ;08 Constitución;190308
20 Piura;;;200000
20 Piura;01 Piura ;;200100
20 Piura;01 Piura ;01 Piura;200101
20 Piura;01 Piura ;04 Castilla;200104
20 Piura;01 Piura ;05 Atacaos;200105
20 Piura;01 Piura ;07 Cura Mori;200107
20 Piura;01 Piura ;08 El Tallan;200108
20 Piura;01 Piura ;09 La Arena;200109
20 Piura;01 Piura ;10 La Unión;200110
20 Piura;01 Piura ;11 Las Lomas;200111
20 Piura;01 Piura ;14 Tambo Grande;200114
20 Piura;01 Piura ;15 Veintiseis de Octubre;200115
20 Piura;02 Ayabaca ;;200200
20 Piura;02 Ayabaca ;01 Ayabaca;200201
20 Piura;02 Ayabaca ;02 Frias;200202
20 Piura;02 Ayabaca ;03 Jilili;200203
20 Piura;02 Ayabaca ;04 Lagunas;200204
20 Piura;02 Ayabaca ;05 Montero;200205
20 Piura;02 Ayabaca ;06 Pacaipampa;200206
20 Piura;02 Ayabaca ;07 Paimas;200207
20 Piura;02 Ayabaca ;08 Sapillica;200208
20 Piura;02 Ayabaca ;09 Sicchez;200209
20 Piura;02 Ayabaca ;10 Suyo;200210
20 Piura;03 Huancabamba ;;200300
20 Piura;03 Huancabamba ;01 Huancabamba;200301
20 Piura;03 Huancabamba ;02 Canchaque;200302
20 Piura;03 Huancabamba ;03 El Carmen de la Frontera;200303
20 Piura;03 Huancabamba ;04 Huarmaca;200304
20 Piura;03 Huancabamba ;05 Lalaquiz;200305
20 Piura;03 Huancabamba ;06 San Miguel de El Faique;200306
20 Piura;03 Huancabamba ;07 Sondor;200307
20 Piura;03 Huancabamba ;08 Sondorillo;200308
20 Piura;04 Morropón ;;200400
20 Piura;04 Morropón ;01 Chulucanas;200401
20 Piura;04 Morropón ;02 Buenos Aires;200402
20 Piura;04 Morropón ;03 Chalaco;200403
20 Piura;04 Morropón ;04 La Matanza;200404
20 Piura;04 Morropón ;05 Morropon;200405
20 Piura;04 Morropón ;06 Salitral;200406
20 Piura;04 Morropón ;07 San Juan de Bigote;200407
20 Piura;04 Morropón ;08 Santa Catalina de Mossa;200408
20 Piura;04 Morropón ;09 Santo Domingo;200409
20 Piura;04 Morropón ;10 Yamango;200410
20 Piura;05 Paita ;;200500
20 Piura;05 Paita ;01 Paita;200501
20 Piura;05 Paita ;02 Amotape;200502
20 Piura;05 Paita ;03 Arenal;200503
20 Piura;05 Paita ;04 Colan;200504
20 Piura;05 Paita ;05 La Huaca;200505
20 Piura;05 Paita ;06 Tamarindo;200506
20 Piura;05 Paita ;07 Vichayal;200507
20 Piura;06 Sullana ;;200600
20 Piura;06 Sullana ;01 Sullana;200601
20 Piura;06 Sullana ;02 Bellavista;200602
20 Piura;06 Sullana ;03 Ignacio Escudero;200603
20 Piura;06 Sullana ;04 Lancones;200604
20 Piura;06 Sullana ;05 Marcavelica;200605
20 Piura;06 Sullana ;06 Miguel Checa;200606
20 Piura;06 Sullana ;07 Querecotillo;200607
20 Piura;06 Sullana ;08 Salitral;200608
20 Piura;07 Talara ;;200700
20 Piura;07 Talara ;01 Pariñas;200701
20 Piura;07 Talara ;02 El Alto;200702
20 Piura;07 Talara ;03 La Brea;200703
20 Piura;07 Talara ;04 Lobitos;200704
20 Piura;07 Talara ;05 Los Organos;200705
20 Piura;07 Talara ;06 Mancora;200706
20 Piura;08 Sechura ;;200800
20 Piura;08 Sechura ;01 Sechura;200801
20 Piura;08 Sechura ;02 Bellavista de la Unión;200802
20 Piura;08 Sechura ;03 Bernal;200803
20 Piura;08 Sechura ;04 Cristo Nos Valga;200804
20 Piura;08 Sechura ;05 Vice;200805
20 Piura;08 Sechura ;06 Rinconada Llicuar;200806
21 Puno;;;210000
21 Puno;01 Puno ;;210100
21 Puno;01 Puno ;01 Puno;210101
21 Puno;01 Puno ;02 Acora;210102
21 Puno;01 Puno ;03 Amantani;210103
21 Puno;01 Puno ;04 Atuncolla;210104
21 Puno;01 Puno ;05 Capachica;210105
21 Puno;01 Puno ;06 Chucuito;210106
21 Puno;01 Puno ;07 Coata;210107
21 Puno;01 Puno ;08 Huata;210108
21 Puno;01 Puno ;09 Mañazo;210109
21 Puno;01 Puno ;10 Paucarcolla;210110
21 Puno;01 Puno ;11 Pichacani;210111
21 Puno;01 Puno ;12 Plateria;210112
21 Puno;01 Puno ;13 San Antonio;210113
21 Puno;01 Puno ;14 Tiquillaca;210114
21 Puno;01 Puno ;15 Vilque;210115
21 Puno;02 Azángaro ;;210200
21 Puno;02 Azángaro ;01 Azángaro;210201
21 Puno;02 Azángaro ;02 Achaya;210202
21 Puno;02 Azángaro ;03 Arapa;210203
21 Puno;02 Azángaro ;04 Asillo;210204
21 Puno;02 Azángaro ;05 Caminaca;210205
21 Puno;02 Azángaro ;06 Chupa;210206
21 Puno;02 Azángaro ;07 José Domingo Choquehuanca;210207
21 Puno;02 Azángaro ;08 Muñani;210208
21 Puno;02 Azángaro ;09 Potoni;210209
21 Puno;02 Azángaro ;10 Saman;210210
21 Puno;02 Azángaro ;11 San Anton;210211
21 Puno;02 Azángaro ;12 San José;210212
21 Puno;02 Azángaro ;13 San Juan de Salinas;210213
21 Puno;02 Azángaro ;14 Santiago de Pupuja;210214
21 Puno;02 Azángaro ;15 Tirapata;210215
21 Puno;03 Carabaya ;;210300
21 Puno;03 Carabaya ;01 Macusani;210301
21 Puno;03 Carabaya ;02 Ajoyani;210302
21 Puno;03 Carabaya ;03 Ayapata;210303
21 Puno;03 Carabaya ;04 Coasa;210304
21 Puno;03 Carabaya ;05 Corani;210305
21 Puno;03 Carabaya ;06 Crucero;210306
21 Puno;03 Carabaya ;07 Ituata;210307
21 Puno;03 Carabaya ;08 Ollachea;210308
21 Puno;03 Carabaya ;09 San Gaban;210309
21 Puno;03 Carabaya ;10 Usicayos;210310
21 Puno;04 Chucuito ;;210400
21 Puno;04 Chucuito ;01 Juli;210401
21 Puno;04 Chucuito ;02 Desaguadero;210402
21 Puno;04 Chucuito ;03 Huacullani;210403
21 Puno;04 Chucuito ;04 Kelluyo;210404
21 Puno;04 Chucuito ;05 Pisacoma;210405
21 Puno;04 Chucuito ;06 Pomata;210406
21 Puno;04 Chucuito ;07 Zepita;210407
21 Puno;05 El Collao ;;210500
21 Puno;05 El Collao ;01 Ilave;210501
21 Puno;05 El Collao ;02 Capazo;210502
21 Puno;05 El Collao ;03 Pilcuyo;210503
21 Puno;05 El Collao ;04 Santa Rosa;210504
21 Puno;05 El Collao ;05 Conduriri;210505
21 Puno;06 Huancané ;;210600
21 Puno;06 Huancané ;01 Huancane;210601
21 Puno;06 Huancané ;02 Cojata;210602
21 Puno;06 Huancané ;03 Huatasani;210603
21 Puno;06 Huancané ;04 Inchupalla;210604
21 Puno;06 Huancané ;05 Pusi;210605
21 Puno;06 Huancané ;06 Rosaspata;210606
21 Puno;06 Huancané ;07 Taraco;210607
21 Puno;06 Huancané ;08 Vilque Chico;210608
21 Puno;07 Lampa ;;210700
21 Puno;07 Lampa ;01 Lampa;210701
21 Puno;07 Lampa ;02 Cabanilla;210702
21 Puno;07 Lampa ;03 Calapuja;210703
21 Puno;07 Lampa ;04 Nicasio;210704
21 Puno;07 Lampa ;05 Ocuviri;210705
21 Puno;07 Lampa ;06 Palca;210706
21 Puno;07 Lampa ;07 Paratia;210707
21 Puno;07 Lampa ;08 Pucara;210708
21 Puno;07 Lampa ;09 Santa Lucia;210709
21 Puno;07 Lampa ;10 Vilavila;210710
21 Puno;08 Melgar ;;210800
21 Puno;08 Melgar ;01 Ayaviri;210801
21 Puno;08 Melgar ;02 Antauta;210802
21 Puno;08 Melgar ;03 Cupi;210803
21 Puno;08 Melgar ;04 Llalli;210804
21 Puno;08 Melgar ;05 Macari;210805
21 Puno;08 Melgar ;06 Nuñoa;210806
21 Puno;08 Melgar ;07 Orurillo;210807
21 Puno;08 Melgar ;08 Santa Rosa;210808
21 Puno;08 Melgar ;09 Umachiri;210809
21 Puno;09 Moho ;;210900
21 Puno;09 Moho ;01 Moho;210901
21 Puno;09 Moho ;02 Conima;210902
21 Puno;09 Moho ;03 Huayrapata;210903
21 Puno;09 Moho ;04 Tilali;210904
21 Puno;10 San Antonio de Putina ;;211000
21 Puno;10 San Antonio de Putina ;01 Putina;211001
21 Puno;10 San Antonio de Putina ;02 Ananea;211002
21 Puno;10 San Antonio de Putina ;03 Pedro Vilca Apaza;211003
21 Puno;10 San Antonio de Putina ;04 Quilcapuncu;211004
21 Puno;10 San Antonio de Putina ;05 Sina;211005
21 Puno;11 San Román ;;211100
21 Puno;11 San Román ;01 Juliaca;211101
21 Puno;11 San Román ;02 Cabana;211102
21 Puno;11 San Román ;03 Cabanillas;211103
21 Puno;11 San Román ;04 Caracoto;211104
21 Puno;12 Sandia ;;211200
21 Puno;12 Sandia ;01 Sandia;211201
21 Puno;12 Sandia ;02 Cuyocuyo;211202
21 Puno;12 Sandia ;03 Limbani;211203
21 Puno;12 Sandia ;04 Patambuco;211204
21 Puno;12 Sandia ;05 Phara;211205
21 Puno;12 Sandia ;06 Quiaca;211206
21 Puno;12 Sandia ;07 San Juan del Oro;211207
21 Puno;12 Sandia ;08 Yanahuaya;211208
21 Puno;12 Sandia ;09 Alto Inambari;211209
21 Puno;12 Sandia ;10 San Pedro de Putina Punco;211210
21 Puno;13 Yunguyo ;;211300
21 Puno;13 Yunguyo ;01 Yunguyo;211301
21 Puno;13 Yunguyo ;02 Anapia;211302
21 Puno;13 Yunguyo ;03 Copani;211303
21 Puno;13 Yunguyo ;04 Cuturapi;211304
21 Puno;13 Yunguyo ;05 Ollaraya;211305
21 Puno;13 Yunguyo ;06 Tinicachi;211306
21 Puno;13 Yunguyo ;07 Unicachi;211307
22 San Martín;;;220000
22 San Martín;01 Moyobamba ;;220100
22 San Martín;01 Moyobamba ;01 Moyobamba;220101
22 San Martín;01 Moyobamba ;02 Calzada;220102
22 San Martín;01 Moyobamba ;03 Habana;220103
22 San Martín;01 Moyobamba ;04 Jepelacio;220104
22 San Martín;01 Moyobamba ;05 Soritor;220105
22 San Martín;01 Moyobamba ;06 Yantalo;220106
22 San Martín;02 Bellavista ;;220200
22 San Martín;02 Bellavista ;01 Bellavista;220201
22 San Martín;02 Bellavista ;02 Alto Biavo;220202
22 San Martín;02 Bellavista ;03 Bajo Biavo;220203
22 San Martín;02 Bellavista ;04 Huallaga;220204
22 San Martín;02 Bellavista ;05 San Pablo;220205
22 San Martín;02 Bellavista ;06 San Rafael;220206
22 San Martín;03 El Dorado ;;220300
22 San Martín;03 El Dorado ;01 San José de Sisa;220301
22 San Martín;03 El Dorado ;02 Agua Blanca;220302
22 San Martín;03 El Dorado ;03 San Martín;220303
22 San Martín;03 El Dorado ;04 Santa Rosa;220304
22 San Martín;03 El Dorado ;05 Shatoja;220305
22 San Martín;04 Huallaga ;;220400
22 San Martín;04 Huallaga ;01 Saposoa;220401
22 San Martín;04 Huallaga ;02 Alto Saposoa;220402
22 San Martín;04 Huallaga ;03 El Eslabón;220403
22 San Martín;04 Huallaga ;04 Piscoyacu;220404
22 San Martín;04 Huallaga ;05 Sacanche;220405
22 San Martín;04 Huallaga ;06 Tingo de Saposoa;220406
22 San Martín;05 Lamas ;;220500
22 San Martín;05 Lamas ;01 Lamas;220501
22 San Martín;05 Lamas ;02 Alonso de Alvarado;220502
22 San Martín;05 Lamas ;03 Barranquita;220503
22 San Martín;05 Lamas ;04 Caynarachi;220504
22 San Martín;05 Lamas ;05 Cuñumbuqui;220505
22 San Martín;05 Lamas ;06 Pinto Recodo;220506
22 San Martín;05 Lamas ;07 Rumisapa;220507
22 San Martín;05 Lamas ;08 San Roque de Cumbaza;220508
22 San Martín;05 Lamas ;09 Shanao;220509
22 San Martín;05 Lamas ;10 Tabalosos;220510
22 San Martín;05 Lamas ;11 Zapatero;220511
22 San Martín;06 Mariscal Cáceres ;;220600
22 San Martín;06 Mariscal Cáceres ;01 Juanjuí;220601
22 San Martín;06 Mariscal Cáceres ;02 Campanilla;220602
22 San Martín;06 Mariscal Cáceres ;03 Huicungo;220603
22 San Martín;06 Mariscal Cáceres ;04 Pachiza;220604
22 San Martín;06 Mariscal Cáceres ;05 Pajarillo;220605
22 San Martín;07 Picota ;;220700
22 San Martín;07 Picota ;01 Picota;220701
22 San Martín;07 Picota ;02 Buenos Aires;220702
22 San Martín;07 Picota ;03 Caspisapa;220703
22 San Martín;07 Picota ;04 Pilluana;220704
22 San Martín;07 Picota ;05 Pucacaca;220705
22 San Martín;07 Picota ;06 San Cristóbal;220706
22 San Martín;07 Picota ;07 San Hilarión;220707
22 San Martín;07 Picota ;08 Shamboyacu;220708
22 San Martín;07 Picota ;09 Tingo de Ponasa;220709
22 San Martín;07 Picota ;10 Tres Unidos;220710
22 San Martín;08 Rioja ;;220800
22 San Martín;08 Rioja ;01 Rioja;220801
22 San Martín;08 Rioja ;02 Awajun;220802
22 San Martín;08 Rioja ;03 Elías Soplin Vargas;220803
22 San Martín;08 Rioja ;04 Nueva Cajamarca;220804
22 San Martín;08 Rioja ;05 Pardo Miguel;220805
22 San Martín;08 Rioja ;06 Posic;220806
22 San Martín;08 Rioja ;07 San Fernando;220807
22 San Martín;08 Rioja ;08 Yorongos;220808
22 San Martín;08 Rioja ;09 Yuracyacu;220809
22 San Martín;09 San Martín ;;220900
22 San Martín;09 San Martín ;01 Tarapoto;220901
22 San Martín;09 San Martín ;02 Alberto Leveau;220902
22 San Martín;09 San Martín ;03 Cacatachi;220903
22 San Martín;09 San Martín ;04 Chazuta;220904
22 San Martín;09 San Martín ;05 Chipurana;220905
22 San Martín;09 San Martín ;06 El Porvenir;220906
22 San Martín;09 San Martín ;07 Huimbayoc;220907
22 San Martín;09 San Martín ;08 Juan Guerra;220908
22 San Martín;09 San Martín ;09 La Banda de Shilcayo;220909
22 San Martín;09 San Martín ;10 Morales;220910
22 San Martín;09 San Martín ;11 Papaplaya;220911
22 San Martín;09 San Martín ;12 San Antonio;220912
22 San Martín;09 San Martín ;13 Sauce;220913
22 San Martín;09 San Martín ;14 Shapaja;220914
22 San Martín;10 Tocache ;;221000
22 San Martín;10 Tocache ;01 Tocache;221001
22 San Martín;10 Tocache ;02 Nuevo Progreso;221002
22 San Martín;10 Tocache ;03 Polvora;221003
22 San Martín;10 Tocache ;04 Shunte;221004
22 San Martín;10 Tocache ;05 Uchiza;221005
23 Tacna;;;230000
23 Tacna;01 Tacna ;;230100
23 Tacna;01 Tacna ;01 Tacna;230101
23 Tacna;01 Tacna ;02 Alto de la Alianza;230102
23 Tacna;01 Tacna ;03 Calana;230103
23 Tacna;01 Tacna ;04 Ciudad Nueva;230104
23 Tacna;01 Tacna ;05 Inclan;230105
23 Tacna;01 Tacna ;06 Pachia;230106
23 Tacna;01 Tacna ;07 Palca;230107
23 Tacna;01 Tacna ;08 Pocollay;230108
23 Tacna;01 Tacna ;09 Sama;230109
23 Tacna;01 Tacna ;10 Coronel Gregorio Albarracín Lanchipa;230110
23 Tacna;02 Candarave ;;230200
23 Tacna;02 Candarave ;01 Candarave;230201
23 Tacna;02 Candarave ;02 Cairani;230202
23 Tacna;02 Candarave ;03 Camilaca;230203
23 Tacna;02 Candarave ;04 Curibaya;230204
23 Tacna;02 Candarave ;05 Huanuara;230205
23 Tacna;02 Candarave ;06 Quilahuani;230206
23 Tacna;03 Jorge Basadre ;;230300
23 Tacna;03 Jorge Basadre ;01 Locumba;230301
23 Tacna;03 Jorge Basadre ;02 Ilabaya;230302
23 Tacna;03 Jorge Basadre ;03 Ite;230303
23 Tacna;04 Tarata ;;230400
23 Tacna;04 Tarata ;01 Tarata;230401
23 Tacna;04 Tarata ;02 Héroes Albarracín;230402
23 Tacna;04 Tarata ;03 Estique;230403
23 Tacna;04 Tarata ;04 Estique-Pampa;230404
23 Tacna;04 Tarata ;05 Sitajara;230405
23 Tacna;04 Tarata ;06 Susapaya;230406
23 Tacna;04 Tarata ;07 Tarucachi;230407
23 Tacna;04 Tarata ;08 Ticaco;230408
24 Tumbes;;;240000
24 Tumbes;01 Tumbes ;;240100
24 Tumbes;01 Tumbes ;01 Tumbes;240101
24 Tumbes;01 Tumbes ;02 Corrales;240102
24 Tumbes;01 Tumbes ;03 La Cruz;240103
24 Tumbes;01 Tumbes ;04 Pampas de Hospital;240104
24 Tumbes;01 Tumbes ;05 San Jacinto;240105
24 Tumbes;01 Tumbes ;06 San Juan de la Virgen;240106
24 Tumbes;02 Contralmirante Villar ;;240200
24 Tumbes;02 Contralmirante Villar ;01 Zorritos;240201
24 Tumbes;02 Contralmirante Villar ;02 Casitas;240202
24 Tumbes;02 Contralmirante Villar ;03 Canoas de Punta Sal;240203
24 Tumbes;03 Zarumilla ;;240300
24 Tumbes;03 Zarumilla ;01 Zarumilla;240301
24 Tumbes;03 Zarumilla ;02 Aguas Verdes;240302
24 Tumbes;03 Zarumilla ;03 Matapalo;240303
24 Tumbes;03 Zarumilla ;04 Papayal;240304
25 Ucayali;;;250000
25 Ucayali;01 Coronel Portillo ;;250100
25 Ucayali;01 Coronel Portillo ;01 Calleria;250101
25 Ucayali;01 Coronel Portillo ;02 Campoverde;250102
25 Ucayali;01 Coronel Portillo ;03 Iparia;250103
25 Ucayali;01 Coronel Portillo ;04 Masisea;250104
25 Ucayali;01 Coronel Portillo ;05 Yarinacocha;250105
25 Ucayali;01 Coronel Portillo ;06 Nueva Requena;250106
25 Ucayali;01 Coronel Portillo ;07 Manantay;250107
25 Ucayali;02 Atalaya ;;250200
25 Ucayali;02 Atalaya ;01 Raymondi;250201
25 Ucayali;02 Atalaya ;02 Sepahua;250202
25 Ucayali;02 Atalaya ;03 Tahuania;250203
25 Ucayali;02 Atalaya ;04 Yurua;250204
25 Ucayali;03 Padre Abad ;;250300
25 Ucayali;03 Padre Abad ;01 Padre Abad;250301
25 Ucayali;03 Padre Abad ;02 Irazola;250302
25 Ucayali;03 Padre Abad ;03 Curimana;250303
25 Ucayali;03 Padre Abad ;04 Neshuya;250304
25 Ucayali;03 Padre Abad ;05 Alexander Von Humboldt;250305
25 Ucayali;04 Purús;;250400
25 Ucayali;04 Purús;01 Purus;250401
